-- phpMyAdmin SQL Dump
-- version 5.0.4
-- https://www.phpmyadmin.net/
--
-- Host: 127.0.0.1
-- Generation Time: Apr 23, 2021 at 09:01 AM
-- Server version: 10.4.17-MariaDB
-- PHP Version: 7.3.26

SET SQL_MODE = "NO_AUTO_VALUE_ON_ZERO";
START TRANSACTION;
SET time_zone = "+00:00";


/*!40101 SET @OLD_CHARACTER_SET_CLIENT=@@CHARACTER_SET_CLIENT */;
/*!40101 SET @OLD_CHARACTER_SET_RESULTS=@@CHARACTER_SET_RESULTS */;
/*!40101 SET @OLD_COLLATION_CONNECTION=@@COLLATION_CONNECTION */;
/*!40101 SET NAMES utf8mb4 */;

--
-- Database: `coc`
--

-- --------------------------------------------------------

--
-- Table structure for table `actionplan`
--

CREATE TABLE `actionplan` (
  `ActionNum` varchar(50) NOT NULL,
  `TrackingNum` varchar(25) NOT NULL,
  `CompanyID` varchar(10) NOT NULL,
  `EmpID` int(10) NOT NULL,
  `EmpName` varchar(50) NOT NULL,
  `Action` varchar(50) NOT NULL,
  `ImplementDate` date NOT NULL,
  `DueDate` date NOT NULL,
  `Status` varchar(50) NOT NULL,
  `username` varchar(16) NOT NULL,
  `DeptID` int(10) NOT NULL,
  `ActionProgress` varchar(25) NOT NULL,
  `Remark` varchar(50) NOT NULL,
  `Priority` varchar(25) NOT NULL,
  `AfterAction` varchar(100) NOT NULL,
  `AfterActionVideo` varchar(100) NOT NULL,
  `Reason` varchar(50) NOT NULL
) ENGINE=InnoDB DEFAULT CHARSET=latin1;

-- --------------------------------------------------------

--
-- Table structure for table `area`
--

CREATE TABLE `area` (
  `AreaID` varchar(25) NOT NULL,
  `AreaName` varchar(25) NOT NULL,
  `CompanyID` varchar(10) NOT NULL
) ENGINE=InnoDB DEFAULT CHARSET=latin1;

--
-- Dumping data for table `area`
--

INSERT INTO `area` (`AreaID`, `AreaName`, `CompanyID`) VALUES
('OF', 'Office', 'CBM'),
('WA', 'Workshop A', 'CBM'),
('WB', 'Workshop B', 'CBM'),
('WC', 'Workshop C', 'CBM'),
('WD', 'Workshop D', 'CBM'),
('Y1', 'Yard1', 'CBM'),
('Y2', 'Yard2', 'CBM');

-- --------------------------------------------------------

--
-- Table structure for table `category`
--

CREATE TABLE `category` (
  `OCCategory` varchar(50) NOT NULL
) ENGINE=InnoDB DEFAULT CHARSET=latin1;

--
-- Dumping data for table `category`
--

INSERT INTO `category` (`OCCategory`) VALUES
('ACCIDENT'),
('AUDIT'),
('OBSERVATION'),
('RISK ASSESMENT'),
('Safety Management By Walking Around(SMBWA)'),
('SAFETY SAFARY');

-- --------------------------------------------------------

--
-- Table structure for table `company`
--

CREATE TABLE `company` (
  `CompanyID` varchar(10) NOT NULL,
  `CompanyName` varchar(50) NOT NULL,
  `Address` varchar(50) NOT NULL,
  `City` varchar(50) NOT NULL,
  `Country` varchar(50) NOT NULL,
  `PhoneNum` int(12) NOT NULL
) ENGINE=InnoDB DEFAULT CHARSET=latin1;

--
-- Dumping data for table `company`
--

INSERT INTO `company` (`CompanyID`, `CompanyName`, `Address`, `City`, `Country`, `PhoneNum`) VALUES
('CA', 'Cladtek Arabia', '-', 'Dammam', 'Saudi Arabia', 0),
('CBM', 'Cladtek BI Metal Manufacture Batam', 'JL.Tenggiri', 'Batam', 'Indonesia', 0),
('CHS', 'Cladtek Holding Singapore', 'Singapore', 'Singapore', 'Singapore', 1),
('CME', 'Cladtek Middle East', '-', '-', '-', 1),
('CSA', 'Cladtek Saudi Arabia', '-', '-', '-', 1),
('CTB', 'Cladtek Brazil', 'Brazil', 'Brazil', 'Brazil', 1);

-- --------------------------------------------------------

--
-- Table structure for table `customer`
--

CREATE TABLE `customer` (
  `CompanyID` varchar(10) NOT NULL,
  `ProjectID` varchar(25) NOT NULL,
  `ProjectName` varchar(100) NOT NULL
) ENGINE=InnoDB DEFAULT CHARSET=latin1;

--
-- Dumping data for table `customer`
--

INSERT INTO `customer` (`CompanyID`, `ProjectID`, `ProjectName`) VALUES
('CBM', 'CA GENERAL', 'Clatek Arabia Project'),
('CHS', 'CA001', 'Cladtek Arabia Project'),
('CA', 'CA003', 'Spool Fabrication Project'),
('CA', 'CA004', 'Mobilisation'),
('CA', 'CA005', 'Aramco Cladded Flanges Project'),
('CA', 'CA006', 'Aramco Clad Spools Project'),
('CA', 'CA010', 'Aramco Clad Pipe Spool Project'),
('CA', 'CA011', 'Aramco Clad Pipe Spool Project'),
('CA', 'CA012', 'Aramco Clad Pipe Spool Project'),
('CA', 'CA013', 'Aramco Clad Pipe Spool Project'),
('CA', 'CA014', 'Aramco Clad Spool Fabrication'),
('CA', 'CA015', 'Aramco Spool Fabrication'),
('CA', 'CA016', 'Aramco Spool Fabrication'),
('CA', 'CA017', 'Aramco Clad Flanges Project'),
('CA', 'CA018', 'Aramco Cladded Pipe Spool'),
('CA', 'CA019', 'Aramco Cladded Flange Project'),
('CA', 'CA020', 'ARAMCO CLADDED FALNGES PROJECT'),
('CA', 'CA021', 'Replace11PipelinesinBRRIfield'),
('CA', 'CA022', 'Replace11PipelinesinBRRIfield'),
('CA', 'CA023', 'Aramco Clad Pipe Spools'),
('CA', 'CA024', 'OffshoreHook-UpUpgradeMdfSCADA'),
('CA', 'CA025', 'ARAMCO CLADDED FITTING PROJECT'),
('CA', 'CA026', 'D7057-Marjan TP10 and Ass.Fclt'),
('CA', 'CA027', 'SA FOR OFFSHORE FACILITIES'),
('CA', 'CA028', 'ARAMCO CLAD PIPE SPOOL'),
('CA', 'CA029', 'ARAMCO CLAD PIPE SPOOL'),
('CA', 'CA030', 'Petronash Arabia Project'),
('CA', 'CA031', 'PETRONASH ARABIA PROJECT'),
('CA', 'CA032', 'Hawiyah Unayzah Gas Reservoir'),
('CA', 'CA033', 'WELD REPAIR FLANGES'),
('CA', 'CA034', 'MARJAN PACK 2 SS7'),
('CA', 'CA035', 'MARJAN PACKAGE II'),
('CA', 'CA036', 'MARJAN PACKAGE II'),
('CA', 'CA037', 'Hawiyah Unayzah Gas Reservoir'),
('CA', 'CA038', 'WELDER MOBILIZATION FOR NSH'),
('CA', 'CA039', 'Hawiyah Unayzah Gas Reservoir'),
('CA', 'CA040', 'WELD OVERLAY OF FLANGES'),
('CA', 'CA041', 'ARAMCO CLAD SPOOL PROJECT'),
('CA', 'CA042', 'MIP PKG-02-Offshore Oil'),
('CA', 'CA043', 'D7068-MIP-PKG01-OFFSHORE'),
('CBM', 'CAGNL', 'Aramco SFNY Subsea Spools'),
('CBM', 'CHS00030', '2128 - STP KG D6 Ruby FPSO'),
('CBM', 'CHS00031', 'Elbow Fitting Qualification'),
('CBM', 'CHS00040', 'Aramco Cladded Flanges Project'),
('CBM', 'CHS00115', 'Aramco Clad Spools Project'),
('CBM', 'CHS00178', 'Aramco Clad Pipe Spool Project'),
('CBM', 'CHS00193', 'Aramco Spool Fabrication'),
('CBM', 'CHS00199', 'LTA OFFSHORE FACILITIES PROJEC'),
('CBM', 'CHS00215', 'Petronash Arabia Project'),
('CBM', 'CHS00273', 'Gas Development Project'),
('CBM', 'CMECT269', 'Cladtek Arabia Project'),
('CHS', 'CSA-001', 'CPXCHS001 - LAPTOPS & HDD'),
('CHS', 'CSA-AUTO', 'CPXCHS002 - GOOGLE MAIL SYSTEM'),
('CBM', 'CT1111', 'D7068-MIP-PKG01-OFFSHORE-GOSP'),
('CHS', 'CT359', 'TEST'),
('CBM', 'CT422', 'CT397 ARAMCO ASIA JAPAN K.K.'),
('CBM', 'CT467', 'CLADTEK BRAZIL GENERAL'),
('CBM', 'CT474', 'CT408 - NCOC Kashagan Spools'),
('CBM', 'CT476', 'CT430 - Hasbah WOL Special Flg'),
('CBM', 'CT478', 'CT453 - Wellhead Ball Valve'),
('CBM', 'CT487', 'CT455 - Aramco SFNY 4 Bends'),
('CBM', 'CT500', 'CT456 - QP-NFA Complex WHP3'),
('CBM', 'CT505', 'CT269 - HYUNDAI'),
('CBM', 'CT507', 'Dangote Thermal Sleeve'),
('CBM', 'CT508', 'Aramco Hasbah Spooling'),
('CBM', 'CT512', 'Aramco Spooling'),
('CBM', 'CT517', 'Petrobras MLP Qualification'),
('CBM', 'CT518', 'Aramco Gas Gathering Manifolds'),
('CBM', 'CT521', 'Projects Excess Material'),
('CBM', 'CT524', 'Aramco CS Pipes & Bend'),
('CBM', 'CT525', 'Esso Sriracha project'),
('CBM', 'CT527', 'L&T Hasbah Accomodation'),
('CBM', 'CT528', 'Al Hosn Gas Max Pro Proj- CS'),
('CBM', 'CT529', 'CBM QH Enhancement'),
('CBM', 'CT530', 'Equinor Askeladd MLP Project'),
('CBM', 'CT541', 'Aramco Safaniya - LINE PIPE WO'),
('CBM', 'CT543', 'Aramco Hasbah Services Order'),
('CBM', 'CT546', 'ADCO BCP-Line WOL Pipes'),
('CBM', 'CT548', 'Aramco CRPO 27 WOL PFF'),
('CBM', 'CT549', 'Aramco SFNY10 WOL Project'),
('CBM', 'CT553', 'WO Pipes on D7088-EPCI'),
('CBM', 'CT554', 'Optimum Shah Gas Expansion'),
('CBM', 'CT556', 'Pertamina - Gundih MLP Project'),
('CBM', 'CT557', 'DORC - Spooling Project'),
('CBM', 'CT559', 'HHI - Clad Pipe Project'),
('CHS', 'CT560', 'CA016'),
('CBM', 'CT561', 'Qatargas-Cladded Piped & Fit'),
('CBM', 'CT563', 'Aramco Cladded Pipe Project'),
('CBM', 'CT566', 'ONGC Cladded Linepipes Project'),
('CBM', 'CT567', 'Technip-Qual WO of DJ LP Proj'),
('CBM', 'CT568', 'Aramco SFNY 5 Clad Flg & Fit'),
('CBM', 'CT569', 'Aramco SFNY 4 Clad Flg & Fit'),
('CBM', 'CT576', 'Aramco 3 Gas PDMS Fabrication'),
('CBM', 'CT578', 'JTB Gas Development Clad Proj'),
('CBM', 'CT579', 'Aramco 7306 & 7307 Line Pipes'),
('CBM', 'CT580', 'Aramco 8 SFNY Clad Pip,Fit,Flg'),
('CBM', 'CT581', 'Aramco SFNY 5 SSS Clad Project'),
('CBM', 'CT583', 'Aramco SFNY 4 Clad Project'),
('CHS', 'CT586', 'Hawiyah Unayzah Gas Reservoir'),
('CBM', 'CT587', 'Aramco CRPO 9 Clad Bends'),
('CBM', 'CT590', 'Technip Mero-1 MLP Project'),
('CBM', 'CT591', 'ADNOC CRA Pip,Fitt & Flg'),
('CBM', 'CT592', 'Qatargas D7375 Clad Pip & Fit'),
('CBM', 'CT595', 'CTB MLP Equipments Project'),
('CBM', 'CT596', 'Aramco WOL Blind & Specer'),
('CBM', 'CT597', 'Subsea 7 Hasbah II CRA Welders'),
('CBM', 'CT599', 'McD/IMPEX Audit'),
('CBM', 'CT600', 'CNOOC Lingshui Clad FlowLoop'),
('CBM', 'CT601', 'ICHTHYS MLP Test Program'),
('CBM', 'CT602', 'Buhasa MLP Test Program'),
('CBM', 'CT603', 'MPN Idaho MLP Repair Work'),
('CBM', 'CT604', 'Aramco LTA 36 CRA Bends'),
('CBM', 'CT605', 'Aramco LTA 36 & 37 CRA Bends'),
('CBM', 'CT606', 'Aramco LTA 37 CRA Bends'),
('CBM', 'CT607', 'EPCI of WHP12N Jacket'),
('CBM', 'CT609', 'Hornsea II J-Tube Pipe Bend'),
('CBM', 'CT611', 'Aramco CRPO 36 Project'),
('CBM', 'CT612', 'Aramco TP-10 MRJN Project'),
('CBM', 'CT614', 'Shell Power Nap Clad Bend'),
('CBM', 'CT615', 'Aramco Berri & Marjan CS Flang'),
('CBM', 'CT616', 'Aramco Berri CS Fitting'),
('CBM', 'CT617', 'CNOOC Lingshui (Qualification)'),
('CBM', 'CT618', 'PCML Yetagun Gas Sea Water'),
('CBM', 'CT619', 'PTMI RT Shooting Service'),
('CBM', 'CT620', 'PHM - Bend & Coating Project'),
('CBM', 'CT623', 'Aramco Spool Fabrication'),
('CBM', 'CT625', 'Aramco CRPO36 (greenfield)'),
('CBM', 'CT626', 'Aramco CRPO 36 (Brownfield)'),
('CBM', 'CT627', 'Aramco CRPO 37 Clad project'),
('CBM', 'CT628', 'CSI Project'),
('CBM', 'CT629', 'Aramco TP-10 MRJN Clad Flange'),
('CBM', 'CT630', 'CNOOC Lingshui'),
('CBM', 'CT631', 'CNOOC Lingshui 17-2 Project'),
('CBM', 'CT632', 'CTB Coil Qualification'),
('CBM', 'CT633', 'ONGC Bend Testing Project'),
('CBM', 'CT634', 'Aramco CRPO47/48/49 Pipe & Ben'),
('CBM', 'CT635', 'Aramco CRPO47/48/49 Flanges'),
('CBM', 'CT636', 'Mobilization Charge'),
('CBM', 'CT637', 'Aramco CRPO47/48/49 CS LRBends'),
('CBM', 'CT638', 'Aramco CS Bends D7068– Marjan'),
('CBM', 'CT639', 'Aramco Clad Flanges'),
('CBM', 'CT640', 'PHM Bend Pipe for Hulu & RU V'),
('CBM', 'CT641', 'PHM Bend Pipe for Tunu & RU V'),
('CBM', 'CT642', 'PHM Bend Pipe for Tunu & RU V'),
('CBM', 'CT643', 'Qatargas NFPS I2P1 Clad Flange'),
('CBM', 'CT644', 'Aramco Clad Flanges - D6255'),
('CBM', 'CT645', 'Aramco CRA LINEPIPE (WOL)'),
('CBM', 'CT646', 'Brikasa Mock Up'),
('CBM', 'CT647', 'Sumitomo WOL Pipe'),
('CBM', 'CT648', 'Aramco Pup Piece'),
('CBM', 'CT649', 'North Malay Basin Phase 3'),
('CBM', 'CT650', 'Shell HCU H1-N2 Crude Flex'),
('CBM', 'CT651', 'Aramco CRA Clad Induction Bend'),
('CBM', 'CT652', 'Aramco, CRA INDUCTION BENDS'),
('CBM', 'CT653', 'Kowel Korea Inconel 625 wire'),
('CBM', 'CT654', 'Aramco Mock Up Bends'),
('CBM', 'CT655', 'OCTG Connector Trial'),
('CBM', 'CT656', 'Aramco Cladded Barred Tee'),
('CBM', 'CT657', 'SEPIA PROJECT'),
('CBM', 'CT658', 'Pertamina JTB Spooling'),
('CBM', 'CT659', 'Saudi Aramco CRA PIPING BENDS'),
('CBM', 'CT660', 'Saudi Aramco Cladding of Pipes'),
('CBM', 'CT661', 'CRPO 37 - CLADDED FLANGES'),
('CBM', 'CT662', 'UPSET ENDS MLP PIPE TRIAL'),
('CBM', 'CT663', 'Aramco D7018 CLADDING OF PIPES'),
('CBM', 'CT664', 'PIPES, FLANGES & FITTING'),
('CBM', 'CT665', 'Cladding Seamless Line pipes'),
('CA', 'CT666', 'Saudi Aramco Cladded Spools'),
('CBM', 'CT667', 'Aramco Bends'),
('CBM', 'CT668', 'Aramco CRPO 37 Fitting'),
('CBM', 'CT669', 'Aramco Cladding Piping'),
('CBM', 'CT671', 'Weld Overlay Pipe & Bend'),
('CBM', 'CT672', 'Aramco PQR MATERIALS'),
('CBM', 'CT673', 'Weld Overlay Flanges'),
('CBM', 'CT674', 'ADNOC Weld Overlay Pipe'),
('CBM', 'CT675', 'Saudi Aramco Cladded Spools'),
('CBM', 'CT676', 'EPIC FOR CO2 WAG INJECTION'),
('CBM', 'CT677', 'IBF Cladded Pipe and Fittings'),
('CBM', 'CT678', 'Aramco CS INDUCTION BENDS'),
('CBM', 'CT679', 'Formosa 2 Offshore Wind Farm'),
('CBM', 'CT680', 'CUEL-Chevron Thailand Phase 59'),
('CBM', 'CT681', 'Keppel-Offshore Substation'),
('CBM', 'CT682', 'Qatar Gas-Brownfield Tie-ins'),
('CBM', 'CT683', 'Reliance Project WOL Nozzle'),
('CBM', 'CT684', 'MLP Internal Qualification Tri'),
('CBM', 'CT685', 'KSH - Shell Philippines'),
('CBM', 'CT686', 'QG - Cladded Fitting'),
('CBM', 'CT687', 'WILHELM-CLADDING & FABRICATION'),
('CBM', 'CT688', 'NOV Purchase Welded Pipe'),
('CBM', 'CT689', 'N8318 – SEPIA PROJECT WOL'),
('CBM', 'CT690', 'Qatar Gas Cladded Fittings'),
('CBM', 'CT691', 'API 5L Qualification'),
('CBM', 'CT692', 'JSN Project (Induction Bends)'),
('CBM', 'CT693', 'Qualification Coil'),
('CBM', 'CT697', 'Bend Trials and Mock Up'),
('CBM', 'CT698', 'Wilhelm Cladding and Fabric'),
('CBM', 'CT699', 'Aramco Bend Pipe'),
('CBM', 'CT700', 'Cladded Flange_6D Scope'),
('CBM', 'CT701', 'TYRA REDEVELOPMENT EPC PROJECT'),
('CBM', 'CT702', 'MLP Hydroforming Evaluation'),
('CBM', 'CT703', 'Aramco Spool'),
('CBM', 'CT704', 'Aramco Spool Fabrication'),
('CBM', 'CT705', 'E0660 -BP Tortue Tower'),
('CBM', 'CT706', 'Cladtek Upset Qualifications'),
('CBM', 'CT707', 'Hawiyah Unayzah Gas Reservoir'),
('CBM', 'CT708', 'Hawiyah Unayzah Gas Reservoir'),
('CBM', 'CT709', 'Ring Gasket Qualification'),
('CBM', 'CT711', 'Dos Bocas New Refinery'),
('CBM', 'CT713', 'Induction Bends'),
('CBM', 'CT714', 'Induction Pipe Bends'),
('CBM', 'CT715', 'Shell Eastern Crude Flex'),
('CBM', 'CT716', 'Weld Overlay Flange Project'),
('CBM', 'CTBGN', 'MLP Transtion Weld and WOL');

-- --------------------------------------------------------

--
-- Table structure for table `department`
--

CREATE TABLE `department` (
  `DeptID` int(10) NOT NULL,
  `Dept_Name` varchar(50) NOT NULL
) ENGINE=InnoDB DEFAULT CHARSET=latin1;

--
-- Dumping data for table `department`
--

INSERT INTO `department` (`DeptID`, `Dept_Name`) VALUES
(1, 'Project Operations'),
(2, 'Production'),
(3, 'Business Development'),
(4, 'Quality Control'),
(5, 'Maintenance & Engineering'),
(6, 'Production Automation'),
(7, 'Process Optimization & Design'),
(8, 'Quality Assurance'),
(9, 'Health,Safety, & Environment'),
(10, 'Supply Chain Management'),
(11, 'Human Resources'),
(12, 'Finance & Accounting'),
(13, 'ITES'),
(14, 'Technical'),
(15, 'Project (Others)'),
(16, 'Management'),
(17, 'Store Department');

-- --------------------------------------------------------

--
-- Table structure for table `employee`
--

CREATE TABLE `employee` (
  `EmpID` int(10) NOT NULL,
  `EmpName` varchar(50) NOT NULL,
  `No_Hp` int(12) NOT NULL,
  `Title` varchar(50) NOT NULL,
  `DeptID` int(10) NOT NULL,
  `CompanyID` varchar(10) NOT NULL
) ENGINE=InnoDB DEFAULT CHARSET=latin1;

--
-- Dumping data for table `employee`
--

INSERT INTO `employee` (`EmpID`, `EmpName`, `No_Hp`, `Title`, `DeptID`, `CompanyID`) VALUES
(1, 'Paul Anthony Montague', 0, 'Business Development', 3, 'CBM'),
(12, 'Suyanto', 0, 'Sr. Production Foreman', 2, 'CBM'),
(17, 'Rohani', 0, 'SHV Supervisor', 2, 'CBM'),
(20, 'Herwansah', 0, 'Sr. Production Foreman', 2, 'CBM'),
(22, 'Rondes H Lumbantobing', 0, '', 2, 'CBM'),
(31, 'Lisbet', 0, 'Blast & Paint Supervisor', 2, 'CBM'),
(51, 'Rumianti', 0, '', 10, 'CBM'),
(75, 'Maryono', 0, 'Machine Shop Supervisor', 2, 'CBM'),
(78, 'Muhammad Sulaiman', 0, 'Sr. Production Foreman', 2, 'CBM'),
(79, 'Jaka Haryana', 0, 'Store Foreman', 10, 'CBM'),
(92, 'Leorandus Manurung', 0, 'Machine Shop Superintendent', 2, 'CBM'),
(106, 'Jan Jonswan Hutasoit', 0, 'Sr. HSE Manager', 9, 'CBM'),
(109, 'Dede Irwan', 0, 'Sr. QC Inspector', 4, 'CBM'),
(116, 'Maniar Herawaty Simanjuntak', 0, 'QC Document Controller Supervisor', 4, 'CBM'),
(119, 'Jimmy Janward Hutagalung', 0, 'Sr. QC Inspector', 4, 'CBM'),
(132, 'Abdillah', 0, 'Sr. QC Inspector', 4, 'CBM'),
(134, 'Yunasri', 0, 'Sr. QC Inspector', 4, 'CBM'),
(135, 'Jhonson Parlindungan S', 0, '', 2, 'CBM'),
(143, 'Gunawan Hadi Prawira', 0, 'Engineering Superintendent', 5, 'CBM'),
(149, 'Kamiruddin', 0, 'Sr. Production Foreman', 2, 'CBM'),
(153, 'Judika Manurung', 0, 'Sr. Production Foreman', 2, 'CBM'),
(155, 'Oktoreno Sibuea', 0, 'Liner Supervisor', 2, 'CBM'),
(156, 'Nur Fahmi', 0, 'TH Supervisor', 2, 'CBM'),
(157, 'Hendi Saputra', 0, 'Sr. Production Foreman', 2, 'CBM'),
(160, 'Dedi Mulyadi', 0, 'Sr. Production Foreman', 2, 'CBM'),
(163, 'Handry', 0, '', 11, 'CBM'),
(165, 'Dedi Syahputra', 0, '', 2, 'CBM'),
(166, 'Bustami', 0, 'Sr. Production Foreman', 2, 'CBM'),
(173, 'Lisdiansyah', 0, 'Manual Repair Foreman', 2, 'CBM'),
(174, 'Jasriono', 0, 'Sr. Packing & Carpenter Foreman', 2, 'CBM'),
(184, 'Asiman Simalango', 0, 'Sr. Production Foreman', 2, 'CBM'),
(186, 'Nurkolis', 0, '', 9, 'CBM'),
(199, 'Awaluddin Daulay', 0, 'Production Foreman', 2, 'CBM'),
(200, 'Janatul Khalik', 0, 'Sr. Production Foreman', 2, 'CBM'),
(213, 'Asyantini Winasis', 0, 'Sr. QC Document Controller', 4, 'CBM'),
(219, 'Pesan Mirgot Situmorang', 0, 'Sr. Production Foreman', 2, 'CBM'),
(222, 'Juanto Ambarita', 0, 'Production Foreman', 2, 'CBM'),
(228, 'Heru Susanto', 0, '', 2, 'CBM'),
(231, 'Mediana Magdalena Siagian', 0, 'Finance Manager', 12, 'CBM'),
(237, 'Edi Syahputra', 0, 'Sr. Production Foreman', 2, 'CBM'),
(239, 'Awisy Karni', 0, 'Production Foreman', 2, 'CBM'),
(241, 'Maston Sidabutar', 0, '', 2, 'CBM'),
(249, 'Kadir', 0, '', 2, 'CBM'),
(250, 'Hamid Salamah', 0, 'Sr. Production Foreman', 2, 'CBM'),
(251, 'Dwi Cahyono', 0, 'Production Foreman', 2, 'CBM'),
(253, 'Joni Saputra', 0, '', 2, 'CBM'),
(255, 'Tismono', 0, 'Production Foreman', 2, 'CBM'),
(256, 'Ontangan Purba', 0, '', 2, 'CBM'),
(261, 'Bambang Prastiono', 0, 'Store Foreman', 10, 'CBM'),
(263, 'Shomad Ibrahim', 0, 'Material Movement Foreman', 2, 'CBM'),
(267, 'Yuli Fatmawati', 0, 'Sr. Purchasing Supervisor', 10, 'CBM'),
(268, 'Dul Halim', 0, 'Sr. Production Foreman', 2, 'CBM'),
(269, 'Al Imran', 0, 'Sr. Production Foreman', 2, 'CBM'),
(273, 'Liri yanto', 0, '', 2, 'CBM'),
(274, 'Setiya Budi', 0, '', 2, 'CBM'),
(275, 'Abdul Karim', 0, '', 2, 'CBM'),
(281, 'Andi Rianto', 0, 'Production Foreman', 2, 'CBM'),
(284, 'Jamarsen Saragih', 0, 'Bending & TH Supervisor', 2, 'CBM'),
(286, 'Zainul Arifin', 0, '', 4, 'CBM'),
(292, 'Tariq Makhmudnahar', 0, '', 2, 'CBM'),
(296, 'Wenri Panjaitan', 0, '', 2, 'CBM'),
(297, 'Suryono', 0, '', 2, 'CBM'),
(305, 'Gatot Hartojo', 0, 'Sr. Manual Repair Foreman', 2, 'CBM'),
(306, 'Rahmat Gunanda', 0, 'Production Foreman', 2, 'CBM'),
(308, 'Suriadi', 0, 'Sr. Production Foreman', 2, 'CBM'),
(312, 'Muhammad Darul Qutni', 0, '', 2, 'CBM'),
(321, 'Muhammad Nur Dharma', 0, 'Sr. Project Manager', 1, 'CBM'),
(322, 'Suryanto', 0, '', 2, 'CBM'),
(326, 'Akmal Usman', 0, '', 2, 'CBM'),
(332, 'Sazli Rahmat', 0, 'Sr. Production Foreman', 2, 'CBM'),
(334, 'Firdaus', 0, '', 2, 'CBM'),
(335, 'Decky Heryanto', 0, 'Production Foreman', 2, 'CBM'),
(339, 'Martana', 0, 'Production Foreman', 2, 'CBM'),
(343, 'Ilham Laxi Lita', 0, 'Store Foreman', 10, 'CBM'),
(349, 'Suryanarayanan Venkataramanan', 0, 'Project Operations Manager', 14, 'CBM'),
(354, 'Junaidi', 0, 'Electrical Control System Supervisor', 5, 'CBM'),
(356, 'Imam Maksum', 0, '', 2, 'CBM'),
(357, 'Julis Afriansyah', 0, '', 2, 'CBM'),
(359, 'Nurizki', 0, '', 2, 'CBM'),
(361, 'Hot Bangun T.', 0, 'Production Foreman', 2, 'CBM'),
(365, 'Arif Wicaksono', 0, '', 2, 'CBM'),
(367, 'Halim Hanafi', 0, '', 2, 'CBM'),
(376, 'Rosadan', 0, '', 2, 'CBM'),
(378, 'Muhammad Daliansyah', 0, '', 2, 'CBM'),
(381, 'Marwan Syarif', 0, 'Sr. Production Foreman', 2, 'CBM'),
(401, 'Suherimon', 0, 'MLP Superintendent', 2, 'CBM'),
(402, 'Sultan Juliadi Hutabarat', 0, 'Production Foreman', 2, 'CBM'),
(440, 'Setya Warsana', 0, '', 2, 'CBM'),
(442, 'Amir Jamli', 0, '', 2, 'CBM'),
(458, 'Maizar', 0, '', 6, 'CBM'),
(500, 'Yustinus Waja Aba', 0, '', 2, 'CBM'),
(502, 'Emanuel Sulaiman Pando', 0, '', 2, 'CBM'),
(511, 'Dahransyah', 0, '', 2, 'CBM'),
(515, 'Matori', 0, '', 11, 'CBM'),
(516, 'Triyanto', 0, '', 11, 'CBM'),
(528, 'Muhammad Sudandi', 0, '', 2, 'CBM'),
(529, 'Dumaloura Silaen', 0, '', 2, 'CBM'),
(537, 'R. Padmanaba Bayu sutrisna', 0, 'Bending & HT Superintendent', 1, 'CBM'),
(538, 'Samuel Pakpahan', 0, 'Maintenance Foreman', 5, 'CBM'),
(539, 'Syahrial', 0, 'Sr. Production Foreman', 2, 'CBM'),
(549, 'Sahara Golda Parapat', 0, '', 2, 'CBM'),
(554, 'Putra Pernandes', 0, 'Sr. Production Foreman', 2, 'CBM'),
(556, 'Baniel Manurung', 0, '', 2, 'CBM'),
(564, 'Fran Ellis Sinaga', 0, 'Store Foreman', 10, 'CBM'),
(567, 'Himawan Azis', 0, 'Production Foreman', 2, 'CBM'),
(571, 'Hermansyah Manurung', 0, 'Material Movement Supervisor', 2, 'CBM'),
(575, 'Agus Sugiono', 0, '', 2, 'CBM'),
(579, 'Burhan Sinaga', 0, '', 2, 'CBM'),
(582, 'Jecki Febri Husin', 0, '', 2, 'CBM'),
(586, 'Moch. Fery Udin', 0, '', 2, 'CBM'),
(591, 'Dedy Irawan', 0, 'Production Foreman', 2, 'CBM'),
(594, 'Awalludin', 0, '', 2, 'CBM'),
(597, 'Melki Sianturi', 0, '', 2, 'CBM'),
(603, 'Fiki Hendriansyah', 0, '', 2, 'CBM'),
(604, 'Cynthia Lee', 0, 'Group Finance Manager', 12, 'CBM'),
(606, 'Yudianto', 0, '', 2, 'CBM'),
(620, 'Eko Purwanto', 0, '', 2, 'CBM'),
(625, 'Didik', 0, '', 2, 'CBM'),
(641, 'Dodi Setia Anggara', 0, '', 2, 'CBM'),
(642, 'Tamjis', 0, '', 2, 'CBM'),
(648, 'Latif', 0, '', 2, 'CBM'),
(649, 'Rudi hartono', 0, '', 2, 'CBM'),
(656, 'Ahdiat Purnomo', 0, '', 2, 'CBM'),
(679, 'Joni Mart Sitio', 0, 'Quality Control Superintendent', 4, 'CBM'),
(685, 'Irfan', 0, '', 2, 'CBM'),
(699, 'Heru Suprapto', 0, 'Material Movement Foreman', 2, 'CBM'),
(704, 'Siswanto', 0, '', 2, 'CBM'),
(708, 'Razit', 0, '', 2, 'CBM'),
(711, 'Birmansyah', 0, '', 2, 'CBM'),
(723, 'Hafis Suganda', 0, '', 2, 'CBM'),
(728, 'Parlindungan Pangaribuan', 0, '', 2, 'CBM'),
(731, 'Nazri', 0, '', 2, 'CBM'),
(732, 'Saputra', 0, '', 2, 'CBM'),
(742, 'Kabib', 0, 'Security Coordinator', 11, 'CBM'),
(743, 'Hendri Apriansyah', 0, '', 11, 'CBM'),
(759, 'Agung Sumantri', 0, '', 2, 'CBM'),
(777, 'Fajar Julios Aritonang', 0, '', 2, 'CBM'),
(806, 'Indra Adyatma', 0, '', 2, 'CBM'),
(818, 'Fauzan Fernando', 0, '', 2, 'CBM'),
(822, 'Fitri Ardo', 0, '', 2, 'CBM'),
(828, 'Haratua Lumbangaol', 0, '', 2, 'CBM'),
(829, 'Saiful Muslim', 0, 'Production Foreman', 2, 'CBM'),
(834, 'Arif Kurniawan', 0, '', 2, 'CBM'),
(840, 'Nur Korip', 0, '', 11, 'CBM'),
(847, 'Charles Edison Simangunsong', 0, 'Maintenance Superintendent', 5, 'CBM'),
(849, 'Triyanto', 0, '', 2, 'CBM'),
(865, 'Arip Triyatno', 0, '', 2, 'CBM'),
(866, 'Syahrul Bahri Simanjuntak', 0, '', 2, 'CBM'),
(872, 'Edwar', 0, '', 2, 'CBM'),
(875, 'Absalon Napitupulu', 0, '', 2, 'CBM'),
(893, 'Lukas Pedha Doy Wero', 0, '', 2, 'CBM'),
(907, 'Alfons Dopo', 0, '', 2, 'CBM'),
(910, 'Galih Hidayat', 0, '', 2, 'CBM'),
(921, 'Ali Abbas Ritonga', 0, '', 9, 'CBM'),
(923, 'Vincensius Langi', 0, '', 10, 'CBM'),
(926, 'Asep Rudianto', 0, '', 2, 'CBM'),
(947, 'Endro MT Sihombing', 0, '', 2, 'CBM'),
(955, 'Yuhendri', 0, '', 4, 'CBM'),
(956, 'Patar Pangaribuan', 0, 'Sr. Project Manager', 1, 'CBM'),
(959, 'Sutrimo', 0, '', 11, 'CBM'),
(960, 'Idris', 0, '', 11, 'CBM'),
(967, 'Armenthos Putra Candra', 0, 'NDT Supervisor', 4, 'CBM'),
(977, 'Holong Sitompul', 0, '', 2, 'CBM'),
(984, 'Yudika Nainggolan', 0, 'Production Foreman', 2, 'CBM'),
(990, 'Yurisman Gunadi', 0, 'Sr. QC Inspector', 4, 'CBM'),
(993, 'Leonard Panjaitan', 0, 'Maintenance D/S Supervisor', 5, 'CBM'),
(994, 'Supriadi', 0, 'Maintenance Supervisor', 5, 'CBM'),
(1014, 'Maringan Simanjuntak', 0, '', 10, 'CBM'),
(1018, 'Vinod Kumar Ramashankar Upadhyay', 0, 'Special Project Manager', 15, 'CBM'),
(1026, 'Surya Sinaga', 0, '', 2, 'CBM'),
(1027, 'Muhammad Rohim', 0, '', 10, 'CBM'),
(1028, 'Dahnial', 0, '', 2, 'CBM'),
(1029, 'Hendra', 0, '', 9, 'CBM'),
(1030, 'Khairul Anwar', 0, '', 11, 'CBM'),
(1035, 'Jumadi', 0, '', 2, 'CBM'),
(1038, 'Taufik Hidayat Amrullah', 0, '', 4, 'CBM'),
(1041, 'Chandra Anggiat Napitupulu', 0, '', 11, 'CBM'),
(1043, 'Agus Santoso', 0, '', 11, 'CBM'),
(1050, 'Bambang Warjianto', 0, '', 2, 'CBM'),
(1056, 'Raja Muhammad Rais', 0, 'Sr. NDE Technician', 4, 'CBM'),
(1057, 'Jayus Rubiyanto', 0, '', 2, 'CBM'),
(1058, 'Swandi F. Siahaan', 0, '', 2, 'CBM'),
(1066, 'Damianusfa', 0, '', 2, 'CBM'),
(1068, 'Yusfi Aulia Siregar', 0, '', 2, 'CBM'),
(1070, 'J. Hartono Siahaan', 0, '', 2, 'CBM'),
(1071, 'Feriyansyah', 0, '', 2, 'CBM'),
(1076, 'Dui Mardany', 0, '', 2, 'CBM'),
(1077, 'Marga Suryasastra', 0, 'Sr. Production Foreman', 2, 'CBM'),
(1078, 'Purwaka', 0, '', 2, 'CBM'),
(1079, 'Harli Davitson Parsaoran Hutasoit', 0, '', 2, 'CBM'),
(1082, 'Herman Marpaung', 0, '', 2, 'CBM'),
(1085, 'Tirta Sapta Adi Akhiri', 0, '', 2, 'CBM'),
(1086, 'Bronson Salamat Tamba', 0, '', 2, 'CBM'),
(1097, 'Budiman Manurung', 0, '', 2, 'CBM'),
(1101, 'Handri Prasetya', 0, '', 2, 'CBM'),
(1105, 'Ariadi Hidayat', 0, '', 2, 'CBM'),
(1106, 'Robi Sandra', 0, '', 2, 'CBM'),
(1110, 'Eventhi Erdy Pesta Pardede', 0, '', 2, 'CBM'),
(1114, 'Yuliadi Putra', 0, '', 2, 'CBM'),
(1115, 'Dedy Januar', 0, 'Production Foreman', 2, 'CBM'),
(1117, 'Bernad Efendi', 0, '', 2, 'CBM'),
(1119, 'Haryanto', 0, 'Production Foreman', 2, 'CBM'),
(1120, 'Wirna Supandi', 0, '', 2, 'CBM'),
(1139, 'Budiyoto', 0, 'Maintenance Foreman', 5, 'CBM'),
(1148, 'Charles R Lumban Tobing', 0, 'Production Foreman', 2, 'CBM'),
(1153, 'Franciscus Xaverius Tomy Andriyanto', 0, 'Quality Control Supervisor', 4, 'CBM'),
(1161, 'Rio Tadria', 0, 'Sr. NDE Technician', 4, 'CBM'),
(1169, 'Sarjono', 0, 'Manual Repair Supervisor', 2, 'CBM'),
(1178, 'Syawaludin', 0, '', 11, 'CBM'),
(1179, 'Yakob Ismail', 0, '', 2, 'CBM'),
(1181, 'Sri Syahfitriyadi', 0, '', 2, 'CBM'),
(1182, 'Bento Bai', 0, '', 2, 'CBM'),
(1191, 'Sanro Rolis Lumbantobing', 0, '', 2, 'CBM'),
(1198, 'Muhammad Amriza', 0, '', 2, 'CBM'),
(1199, 'Dicky Ardiansyah', 0, '', 2, 'CBM'),
(1203, 'Joni Saputra bin Abdul Hamid', 0, 'Store Foreman', 10, 'CBM'),
(1205, 'Fitriana', 0, '', 11, 'CBM'),
(1206, 'Yohanes Bapista Ardianus', 0, '', 9, 'CBM'),
(1212, 'Robert Hutagalung', 0, '', 2, 'CBM'),
(1213, 'Tinora Sinaga', 0, 'Sr. HR Officer', 11, 'CBM'),
(1225, 'Taufik Hidayat', 0, '', 2, 'CBM'),
(1229, 'Agusman', 0, '', 2, 'CBM'),
(1240, 'Suindra', 0, 'Production Foreman', 2, 'CBM'),
(1241, 'M. Nasir', 0, '', 2, 'CBM'),
(1253, 'Irwan Loser Pardede', 0, 'Store Manager', 10, 'CBM'),
(1291, 'Daniel Kristianto Sianturi', 0, '', 10, 'CBM'),
(1296, 'Dwi Dian Larasati', 0, 'Planning Superintendent', 1, 'CBM'),
(1314, 'David Sihombing', 0, '', 2, 'CBM'),
(1315, 'Sumber Ompusunggu', 0, '', 2, 'CBM'),
(1316, 'Doklas Cabana Pakpahan', 0, '', 10, 'CBM'),
(1331, 'Denni Ramadhan Mersandi', 0, '', 2, 'CBM'),
(1332, 'Yanri Kamal', 0, '', 2, 'CBM'),
(1337, 'Widodo', 0, '', 2, 'CBM'),
(1339, 'Hardianto', 0, 'Sr. QC Technician', 4, 'CBM'),
(1343, 'Bambang Susilo', 0, '', 2, 'CBM'),
(1344, 'Diki', 0, '', 2, 'CBM'),
(1348, 'Diki Asprianto', 0, '', 2, 'CBM'),
(1361, 'Ramot Silitonga', 0, 'NDT Supervisor', 4, 'CBM'),
(1366, 'Rejeki Sinaga', 0, 'Sr. QC Document Controller', 4, 'CBM'),
(1375, 'Bimo Lawaning Perang', 0, '', 4, 'CBM'),
(1376, 'Ogi Agusta Putra', 0, '', 2, 'CBM'),
(1382, 'Sabda Fitoyo', 0, '', 2, 'CBM'),
(1385, 'Sardiyono', 0, '', 2, 'CBM'),
(1386, 'Aji Santoso', 0, '', 2, 'CBM'),
(1393, 'Bernat P.S Turnip', 0, 'Sr. QC Technician', 4, 'CBM'),
(1408, 'Mudiono Nanung', 0, '', 2, 'CBM'),
(1409, 'S. Canra Hutapea', 0, '', 2, 'CBM'),
(1414, 'Teguh Saputra', 0, '', 2, 'CBM'),
(1415, 'Jasmin', 0, '', 2, 'CBM'),
(1418, 'Darmin', 0, 'Manual Repair Foreman', 2, 'CBM'),
(1420, 'Deviga Kris Paringgi', 0, '', 10, 'CBM'),
(1447, 'Andika Pratama', 0, '', 2, 'CBM'),
(1454, 'Marlon Sumantri Purba', 0, '', 2, 'CBM'),
(1461, 'Halasan Pasaribu', 0, '', 2, 'CBM'),
(1464, 'Riyawan', 0, 'Maintenance Supervisor', 5, 'CBM'),
(1475, 'Hotmanagam Sianturi', 0, 'Facility Foreman', 5, 'CBM'),
(1477, 'Syaifudin', 0, 'Sr. Technician - Electric', 5, 'CBM'),
(1478, 'Sulistiyo', 0, '', 2, 'CBM'),
(1480, 'Teguh Arifiyanto', 0, '', 2, 'CBM'),
(1483, 'Fransiska Handayany', 0, '', 2, 'CBM'),
(1495, 'Suharmoko', 0, '', 2, 'CBM'),
(1499, 'Putra Ariansyah', 0, '', 2, 'CBM'),
(1502, 'Hidayatullah Nasution', 0, '', 2, 'CBM'),
(1513, 'Sandy Laswardi', 0, '', 2, 'CBM'),
(1518, 'Khoirul Anwar', 0, 'MLP Supervisor', 2, 'CBM'),
(1526, 'Amiril Mukminin', 0, '', 2, 'CBM'),
(1527, 'Yuli Yanti Ginting', 0, 'Logistic Supervisor', 10, 'CBM'),
(1529, 'Bayuli Arumsasi', 0, '', 2, 'CBM'),
(1532, 'Rahmah Ramadhani', 0, '', 1, 'CBM'),
(1537, 'Juni Purwandari', 0, '', 4, 'CBM'),
(1541, 'Yendra Aulia', 0, '', 4, 'CBM'),
(1549, 'Hotner Hutagalung', 0, 'Production Foreman', 2, 'CBM'),
(1550, 'Gunawan Wibowo', 0, '', 2, 'CBM'),
(1553, 'Andita Sakti Putra', 0, 'Sr. Design Engineer', 14, 'CBM'),
(1558, 'Ahmad Yasir', 0, 'Sr. QC Engineer', 4, 'CBM'),
(1560, 'Rizal TP Hutagalung', 0, 'NDE Superintendent', 4, 'CBM'),
(1563, 'Philipus Dore Niron', 0, 'Sr. QC Technician', 4, 'CBM'),
(1567, 'H.T Sabar Sidabutar', 0, '', 2, 'CBM'),
(1571, 'M. Revindo Syaputra', 0, '', 2, 'CBM'),
(1573, 'Herry Faisal', 0, 'Production Foreman', 2, 'CBM'),
(1575, 'John Piter Sitompul', 0, 'Project Coordinator', 1, 'CBM'),
(1576, 'Ridwan', 0, '', 2, 'CBM'),
(1585, 'Hasan Gaelea', 0, '', 2, 'CBM'),
(1587, 'Bambang Maradongan Tua Sinaga', 0, 'Sr. NDT Supervisor', 4, 'CBM'),
(1599, 'Bian Benjana', 0, '', 4, 'CBM'),
(1601, 'Mubariyadi', 0, '', 4, 'CBM'),
(1602, 'Redho Dyanovitra', 0, 'Maintenance Supervisor', 5, 'CBM'),
(1606, 'Goldent Sirait', 0, '', 2, 'CBM'),
(1614, 'Candra Kirana', 0, '', 4, 'CBM'),
(1619, 'Zulfadli', 0, '', 5, 'CBM'),
(1620, 'Karimun', 0, '', 2, 'CBM'),
(1622, 'Hari Fitriono', 0, '', 2, 'CBM'),
(1624, 'Mahyunis', 0, '', 2, 'CBM'),
(1625, 'Dicki Syafwinto', 0, '', 2, 'CBM'),
(1628, 'Donny', 0, '', 2, 'CBM'),
(1629, 'Mirwan Setiawan', 0, '', 2, 'CBM'),
(1630, 'Erikson Pasaribu', 0, '', 2, 'CBM'),
(1631, 'Zainal Muttaqin', 0, '', 2, 'CBM'),
(1632, 'Heri Zona', 0, '', 2, 'CBM'),
(1633, 'Adi Suparmanto', 0, '', 2, 'CBM'),
(1634, 'Deky Saputra', 0, '', 2, 'CBM'),
(1639, 'Teddy Salawiska', 0, 'Sr. QC Engineer Supervisor', 4, 'CBM'),
(1641, 'Yogi Supardi', 0, 'Production Foreman', 2, 'CBM'),
(1642, 'Khanif Arokhim', 0, '', 2, 'CBM'),
(1646, 'Frilla Eko Sunjaya', 0, '', 2, 'CBM'),
(1647, 'Agus Riyadi', 0, '', 2, 'CBM'),
(1649, 'Doni Sandra', 0, '', 2, 'CBM'),
(1654, 'Rasdiman Panggabean', 0, '', 2, 'CBM'),
(1656, 'Slamet', 0, '', 2, 'CBM'),
(1660, 'Dedi Ardiansah', 0, '', 1, 'CBM'),
(1664, 'Helmy Pugal', 0, '', 4, 'CBM'),
(1669, 'Hendra Laksamana', 0, '', 2, 'CBM'),
(1670, 'Tiar Nauli Sianipar', 0, '', 2, 'CBM'),
(1671, 'Marnatal Hasiholan S', 0, '', 2, 'CBM'),
(1672, 'Sahrul Sani', 0, '', 2, 'CBM'),
(1675, 'Diansyah Aras', 0, 'Production Foreman', 2, 'CBM'),
(1680, 'Rahmat Rayendra', 0, '', 2, 'CBM'),
(1686, 'Aditya Pramutama', 0, '', 2, 'CBM'),
(1687, 'Edi Suroto', 0, '', 2, 'CBM'),
(1688, 'Erwin Saputra', 0, '', 2, 'CBM'),
(1689, 'Gumba Arianto Ambarita', 0, '', 2, 'CBM'),
(1691, 'Khamdianto', 0, '', 2, 'CBM'),
(1692, 'Mohammad Nahrowi', 0, 'Production Foreman', 2, 'CBM'),
(1693, 'Petrus Bhugha', 0, '', 2, 'CBM'),
(1701, 'Putri Dewi Simanjuntak', 0, '', 4, 'CBM'),
(1702, 'Frans Musa Situmorang', 0, 'Sr. QC Inspector', 4, 'CBM'),
(1704, 'Ade Rachman', 0, '', 2, 'CBM'),
(1705, 'Yuliwari Harefa', 0, '', 2, 'CBM'),
(1715, 'Rahmat Juanda', 0, '', 2, 'CBM'),
(1717, 'Hario Irawan Saputra', 0, '', 2, 'CBM'),
(1718, 'Yen Fanny Natalia Efendy H', 0, '', 2, 'CBM'),
(1721, 'Rawdatul Fadli', 0, '', 2, 'CBM'),
(1722, 'Beston Simorangkir', 0, '', 2, 'CBM'),
(1726, 'Morris Togatorop', 0, '', 2, 'CBM'),
(1740, 'Ibnu Ubaedilah', 0, '', 2, 'CBM'),
(1741, 'Iwanto', 0, 'Production Foreman', 2, 'CBM'),
(1743, 'Reza Septia Heriawan', 0, '', 2, 'CBM'),
(1744, 'Anang Rustanto', 0, '', 2, 'CBM'),
(1745, 'M. Salim', 0, '', 2, 'CBM'),
(1748, 'Alfan Efendi', 0, '', 2, 'CBM'),
(1752, 'Horas Parulian Situmorang', 0, 'Sr. QC Technician', 4, 'CBM'),
(1754, 'Kalvin Jonnover', 0, '', 4, 'CBM'),
(1757, 'Handi Mariyanto', 0, 'Sr. QC Technician', 4, 'CBM'),
(1758, 'Marsaldi', 0, 'Sr. QC Technician', 4, 'CBM'),
(1763, 'Joni Saputra', 0, '', 2, 'CBM'),
(1764, 'Baini Saputra', 0, '', 2, 'CBM'),
(1765, 'Mhd Waldi', 0, '', 4, 'CBM'),
(1778, 'Doni Dwi Pramuda', 0, 'Sr. QC Technician', 4, 'CBM'),
(1788, 'Mirza Efendi', 0, 'Production Foreman', 2, 'CBM'),
(1789, 'Almas Priono', 0, '', 2, 'CBM'),
(1791, 'Yulianto', 0, '', 2, 'CBM'),
(1792, 'Reski Fauzi', 0, '', 2, 'CBM'),
(1794, 'Novriyadi', 0, '', 2, 'CBM'),
(1795, 'Roger Milla', 0, '', 2, 'CBM'),
(1799, 'Bayu Sadewo', 0, '', 2, 'CBM'),
(1805, 'Azisman', 0, '', 2, 'CBM'),
(1806, 'Muhammad Zaki', 0, '', 2, 'CBM'),
(1814, 'Baharudin', 0, '', 2, 'CBM'),
(1816, 'Ismail', 0, '', 2, 'CBM'),
(1817, 'Andi Endra Putra', 0, '', 2, 'CBM'),
(1821, 'Mangiring Siregar', 0, '', 2, 'CBM'),
(1830, 'Agus Ridwan', 0, 'Sr. NDT Engineer', 4, 'CBM'),
(1831, 'Hermawan Janri', 0, '', 2, 'CBM'),
(1838, 'Eflia Hendri', 0, 'Maintenance Foreman', 5, 'CBM'),
(1849, 'Juni Supriadi', 0, '', 2, 'CBM'),
(1855, 'Iswanto', 0, '', 2, 'CBM'),
(1871, 'Sutego Pranyoto', 0, '', 5, 'CBM'),
(1874, 'Franklin', 0, 'Supply Chain Manager', 10, 'CBM'),
(1884, 'Ruslan', 0, '', 2, 'CBM'),
(1885, 'Agus Pujiono', 0, '', 2, 'CBM'),
(1902, 'Ayu Wulan Dewi', 0, '', 12, 'CBM'),
(1909, 'Ronsen Panggabean', 0, 'NDT Supervisor', 4, 'CBM'),
(1911, 'Juni Erlin Nahot Marojahan Simanjuntak', 0, '', 9, 'CBM'),
(1912, 'Khairil', 0, 'Facility Operations Superintendent', 5, 'CBM'),
(1919, 'Amir Mahmud', 0, '', 2, 'CBM'),
(1920, 'Riki Alputra', 0, '', 2, 'CBM'),
(1921, 'Didi Sujarwono', 0, '', 2, 'CBM'),
(1923, 'Sarwoto', 0, 'Maintenance Foreman', 5, 'CBM'),
(1927, 'Ricky Adrian', 0, '', 2, 'CBM'),
(1932, 'Tomoyuki Ueno', 0, 'Production Manager', 2, 'CBM'),
(1938, 'Yanti Vianti SS', 0, '', 10, 'CBM'),
(1941, 'Nasrul Adi Jaya', 0, 'Sr. Welding Engineer', 14, 'CBM'),
(1943, 'Iswantika Eka Putra', 0, 'Automation Manager', 6, 'CBM'),
(1945, 'Dosroha Manalu', 0, 'Sr. Maintenance Foreman', 5, 'CBM'),
(1951, 'Poppi Shoma', 0, 'General Affair Coordinator', 11, 'CBM'),
(1955, 'Roy Samosir', 0, '', 10, 'CBM'),
(1956, 'Septi Cristian Saragih', 0, 'Material Supervisor', 10, 'CBM'),
(1961, 'Muhammad Fadli', 0, 'Packing & Carpenter Supervisor', 2, 'CBM'),
(1965, 'Agustina Simamora', 0, 'Project Manager', 1, 'CBM'),
(1971, 'Untung Ady Suroso', 0, 'Design Superintendent', 7, 'CBM'),
(1976, 'Dhani Purwadi', 0, 'Sr. Project Engineer', 1, 'CBM'),
(1978, 'Edi Susanto', 0, '', 2, 'CBM'),
(1980, 'Mukodim', 0, '', 5, 'CBM'),
(1981, 'Marisa Merianti', 0, '', 4, 'CBM'),
(1989, 'Arwan Tanjung', 0, '', 2, 'CBM'),
(1996, 'Elizar', 0, '', 2, 'CBM'),
(1997, 'Agusni', 0, 'Maintenance Foreman', 5, 'CBM'),
(2004, 'Arya Rakasiwi', 0, 'Maintenance Foreman', 5, 'CBM'),
(2006, 'Izwiendri', 0, '', 2, 'CBM'),
(2008, 'Aprizal', 0, '', 2, 'CBM'),
(2016, 'Fian Bahtiar', 0, '', 2, 'CBM'),
(2022, 'Guswar Irwandi', 0, '', 2, 'CBM'),
(2026, 'Doni Mardiansyah', 0, 'Production Foreman', 2, 'CBM'),
(2029, 'Defi Suparman', 0, '', 2, 'CBM'),
(2034, 'Selamat Solihin', 0, '', 2, 'CBM'),
(2039, 'Zulistian', 0, 'Production Foreman', 2, 'CBM'),
(2040, 'Muhklizar', 0, 'Production Foreman', 2, 'CBM'),
(2051, 'Rizal Saleh', 0, 'Production Foreman', 2, 'CBM'),
(2065, 'Nurhamidah', 0, '', 1, 'CBM'),
(2067, 'Manaris Simatupang', 0, '', 2, 'CBM'),
(2070, 'Martin Lukita', 0, '', 2, 'CBM'),
(2071, 'Puji Rahayu Dwi Astuti', 0, '', 10, 'CBM'),
(2079, 'Puguh Setyawan', 0, 'Spool Fab. Welder Supervisor', 2, 'CBM'),
(2082, 'Rinto Sitorus', 0, '', 2, 'CBM'),
(2087, 'Legiman', 0, '', 2, 'CBM'),
(2091, 'Marty Sondakh', 0, '', 11, 'CBM'),
(2092, 'Sukamto', 0, '', 11, 'CBM'),
(2093, 'Kemys Santosa', 0, '', 11, 'CBM'),
(2099, 'Tari Rumantias', 0, 'Sr. Production Admin', 2, 'CBM'),
(2109, 'Wahyu Hidayat', 0, 'Facility Foreman', 5, 'CBM'),
(2116, 'Ruzianto', 0, '', 7, 'CBM'),
(2123, 'Tri Handayanto', 0, '', 2, 'CBM'),
(2124, 'Andri Setiawan', 0, '', 2, 'CBM'),
(2129, 'Edi Mulyono', 0, '', 2, 'CBM'),
(2130, 'Juherdin', 0, '', 2, 'CBM'),
(2132, 'Patra', 0, '', 2, 'CBM'),
(2134, 'Dewal Awalin Meyfi', 0, '', 2, 'CBM'),
(2136, 'Dede Rama Prayuda', 0, '', 2, 'CBM'),
(2138, 'Fauzul Azim', 0, 'Maintenance Foreman', 5, 'CBM'),
(2141, 'Rusdi', 0, '', 2, 'CBM'),
(2145, 'Meddi Siregar', 0, '', 2, 'CBM'),
(2151, 'Herawati', 0, '', 4, 'CBM'),
(2152, 'Edy Sudarman Sinaga', 0, 'Blast & Paint Foreman', 2, 'CBM'),
(2153, 'Zamroni', 0, '', 2, 'CBM'),
(2154, 'Jhon Ismanto Girsang', 0, 'Sr. MD NDE Technician', 4, 'CBM'),
(2164, 'Albert Hasudungan Panjaitan', 0, 'Material Movement Foreman', 2, 'CBM'),
(2165, 'Suhendra Aidil', 0, 'Sr. NDE Technician', 4, 'CBM'),
(2166, 'Try Maha Perdana', 0, '', 2, 'CBM'),
(2169, 'Edison', 0, '', 2, 'CBM'),
(2171, 'Indra', 0, 'Spool Fab. Fitter Supervisor', 2, 'CBM'),
(2173, 'R.Bambang Bowo Leksono', 0, '', 4, 'CBM'),
(2177, 'Bambang Margono', 0, 'Spool Fab. Superintendent', 2, 'CBM'),
(2190, 'Irfan Novianto Cahyo', 0, 'SHV Supervisor', 2, 'CBM'),
(2204, 'Sarif Hutasoit', 0, '', 2, 'CBM'),
(2205, 'Ricco Samosir', 0, 'Sr. Technician - Electric', 5, 'CBM'),
(2206, 'Tanjung Manurung', 0, '', 2, 'CBM'),
(2215, 'Deny Tirta Kusuma', 0, 'Electrical Superintendent', 5, 'CBM'),
(2218, 'Gandhi Perkasa Purnama Putra', 0, 'Sr. Design Engineer', 5, 'CBM'),
(2223, 'Sudiaman Silaen', 0, '', 2, 'CBM'),
(2227, 'Chu Beng Yan', 0, 'Chief Financial Officer', 12, 'CBM'),
(2256, 'Hanafi Pandu Prahmana', 0, '', 2, 'CBM'),
(2258, 'Mauliddin', 0, '', 2, 'CBM'),
(2274, 'Ricky Ramadhan Saputra', 0, '', 2, 'CBM'),
(2278, 'Dayen Pardosi', 0, '', 2, 'CBM'),
(2296, 'Mega Rini', 0, '', 6, 'CBM'),
(2325, 'Prima Ferdian', 0, '', 2, 'CBM'),
(2346, 'Yori Mulvia Chandra', 0, '', 2, 'CBM'),
(2364, 'Farmansyah Sarumaha', 0, 'Facility Foreman', 5, 'CBM'),
(2473, 'David Francois Andre Marie', 0, '', 4, 'CBM'),
(2474, 'Sariati Oktoria Saragih', 0, '', 12, 'CBM'),
(2527, 'M Ridha', 0, 'Project Manager', 1, 'CBM'),
(2528, 'Lia Aristantya Ermiyanty Sihombing', 0, 'Project Document Controller Supervisor', 1, 'CBM'),
(2606, 'Hilda Megawati Sirait', 0, '', 12, 'CBM'),
(2627, 'Yanda Saputra', 0, 'MLP Superintendent', 2, 'CBM'),
(2726, 'Ronny Saut Parasian', 0, 'Sr. MD NDE Technician', 4, 'CBM'),
(2742, 'Rosa Apri Nurhidayah', 0, '', 12, 'CBM'),
(2765, 'David Michael Mcloughlin', 0, 'Welding Specialist', 2, 'CBM'),
(2776, 'Nurzila', 0, '', 10, 'CBM'),
(2801, 'Reylina Garcia Tayactac', 0, 'Marketing & Tendering Manager', 3, 'CBM'),
(2868, 'Engky Suwito', 0, 'Sr. Technician Mechanical', 5, 'CBM'),
(2869, 'Efendi Yulianto', 0, '', 11, 'CBM'),
(2892, 'Andi Maulana Fajrin', 0, '', 15, 'CBM'),
(2901, 'Ritha Tiurma', 0, '', 1, 'CBM'),
(2926, 'Khoirunnissa', 0, '', 2, 'CBM'),
(2935, 'Devanan Patar Manaratua Hutahaean', 0, 'Sr. NDE Technician', 4, 'CBM'),
(2939, 'Jhonson Effendy Simanjuntak', 0, 'Sr. NDE Technician', 4, 'CBM'),
(2943, 'Roni Jekson Alfredo Sitompul', 0, 'Sr. NDE Technician', 4, 'CBM'),
(2955, 'Rudyanto Edward P Manurung', 0, 'Sr. NDE Technician', 4, 'CBM'),
(2960, 'Muhammad Juni Karnain', 0, '', 4, 'CBM'),
(2962, 'Medi Haryanto', 0, '', 4, 'CBM'),
(2964, 'Okkie Hardian', 0, 'Sr. QC Inspector', 4, 'CBM'),
(2965, 'Selle Paalloan', 0, '', 4, 'CBM'),
(2967, 'Thohonan Marulitua Manurung', 0, '', 4, 'CBM'),
(2981, 'Kumalasari', 0, '', 2, 'CBM'),
(2992, 'Romuel Saragih', 0, 'Sr. QC Inspector', 4, 'CBM'),
(2996, 'Zaenal Sugilar', 0, 'Sr. MD NDE Technician', 4, 'CBM'),
(3020, 'Dicky Fernando Hutajulu', 0, 'Sr. NDE Technician', 4, 'CBM'),
(3039, 'Rangga Waspialdi Sardi', 0, '', 4, 'CBM'),
(3042, 'Anggun Jeri Delvina', 0, '', 2, 'CBM'),
(3050, 'Putri Marefri', 0, '', 2, 'CBM'),
(3114, 'Fendianto', 0, '', 2, 'CBM'),
(3117, 'Mirza Sulaiman Khan', 0, '', 2, 'CBM'),
(3119, 'David Simamora', 0, '', 2, 'CBM'),
(3122, 'Andi Kurniawan Ginting', 0, '', 2, 'CBM'),
(3144, 'Marben', 0, '', 2, 'CBM'),
(3148, 'Murdhani', 0, '', 2, 'CBM'),
(3177, 'Samuel Hartanto Sirait', 0, '', 2, 'CBM'),
(3210, 'Ganesh Karri', 0, 'Production Lead Control & Automation WOL', 5, 'CBM'),
(3224, 'Aditya Prasdianto', 0, '', 2, 'CBM'),
(3231, 'Friendly Alfredo Samosir', 0, 'Sr. NDE Technician', 4, 'CBM'),
(3232, 'Ardy Samuel Lumban Toruan', 0, '', 4, 'CBM'),
(3244, 'Fitri Mariani Manalu', 0, '', 2, 'CBM'),
(3267, 'Josua Sinaga', 0, '', 2, 'CBM'),
(3300, 'Cahyo Andono', 0, 'Sr. NDE Technician', 4, 'CBM'),
(3305, 'Rizal Suhendra Silalahi', 0, '', 2, 'CBM'),
(3331, 'Wayne Leslie Williams', 0, 'Maintenance Manager', 5, 'CBM'),
(3346, 'Zulhendri', 0, 'MLP Superintendent', 2, 'CBM'),
(3358, 'Hendra Mangampu Tua Rajagukguk', 0, 'Sr. NDE Technician', 4, 'CBM'),
(3364, 'Ida Puspitasari', 0, 'Sr. QC Document Controller', 4, 'CBM'),
(3370, 'Farhan Moza', 0, '', 5, 'CBM'),
(3371, 'Miftahul Ulum', 0, '', 5, 'CBM'),
(3372, 'Priyanto', 0, '', 5, 'CBM'),
(3374, 'Paeman', 0, '', 5, 'CBM'),
(3377, 'Sisianto', 0, 'Facility Foreman', 5, 'CBM'),
(3379, 'Niko Oktiadi', 0, '', 4, 'CBM'),
(3380, 'Agus Rianto', 0, 'Sr. NDE Technician', 4, 'CBM'),
(3418, 'Jefri Heriyanto', 0, '', 5, 'CBM'),
(3422, 'Intan Bayduri', 0, '', 11, 'CBM'),
(3423, 'Jufri Bin Jailani', 0, '', 5, 'CBM'),
(3445, 'Luas Fryaldo Sitompul', 0, '', 2, 'CBM'),
(3463, 'Ahmad Syukur', 0, 'Sr. NDE Technician', 4, 'CBM'),
(3476, 'Angga Wijaya', 0, 'Sr. NDE Technician', 4, 'CBM'),
(3477, 'Freniking. S', 0, 'Sr. NDE Technician', 4, 'CBM'),
(3489, 'Alan Batara Alauddin', 0, 'Sr. NDE Technician', 4, 'CBM'),
(3490, 'Daud Tambun', 0, 'Sr. NDE Technician', 4, 'CBM'),
(3492, 'Maradona Hasudungan Butarbutar', 0, 'Sr. NDE Technician', 4, 'CBM'),
(3493, 'Sahat Tambunan', 0, 'Sr. NDE Technician', 4, 'CBM'),
(3494, 'Ramot Simaremare', 0, '', 4, 'CBM'),
(3496, 'Abdurohman Bin Rawinda', 0, 'QC Manager', 4, 'CBM'),
(3498, 'Sasi Kanth Medicherla', 0, 'Consultant', 4, 'CBM'),
(3500, 'Desri', 0, '', 4, 'CBM'),
(3505, 'Rahmad Budiyono', 0, '', 4, 'CBM'),
(3506, 'Rahman Adi Saputra', 0, '', 4, 'CBM'),
(3507, 'Remon Desman', 0, '', 4, 'CBM'),
(3509, 'Yusak Kurniawan Raharjo', 0, '', 4, 'CBM'),
(3511, 'Wandihexron Sihombing', 0, '', 4, 'CBM'),
(3512, 'Arianto Hutagalung', 0, '', 4, 'CBM'),
(3515, 'Bunga Indah Sari', 0, '', 1, 'CBM'),
(3518, 'Bangun Pardede', 0, '', 2, 'CBM'),
(3544, 'Hendrik Kurniawan', 0, '', 4, 'CBM'),
(3546, 'Henryi Anto Panjaitan', 0, '', 4, 'CBM'),
(3547, 'Julian Dwi Cahyo', 0, 'Sr. NDE Technician', 4, 'CBM'),
(3548, 'Koggie Tio Fernando', 0, '', 4, 'CBM'),
(3549, 'M. Nasir', 0, 'Sr. NDE Technician', 4, 'CBM'),
(3552, 'Dasril Jones Limbong', 0, '', 2, 'CBM'),
(3583, 'Agil Indra Maulana', 0, '', 2, 'CBM'),
(3587, 'Rian Pesona', 0, '', 2, 'CBM'),
(3597, 'Armin Fluner Nainggolan', 0, 'Sr. NDE Technician', 4, 'CBM'),
(3599, 'Mahrizal Suito Siregar', 0, 'Sr. NDE Technician', 4, 'CBM'),
(3600, 'Simon P Manurung', 0, '', 4, 'CBM'),
(3609, 'Siswono', 0, '', 4, 'CBM'),
(3610, 'Nurhadi', 0, 'Sr. NDE Technician', 4, 'CBM'),
(3655, 'Asleth Nickola Manurung', 0, '', 2, 'CBM'),
(3656, 'Dapot Maruba Ngolu Napitupulu', 0, '', 2, 'CBM'),
(3658, 'Lorenta Gunawan Nababan', 0, '', 2, 'CBM'),
(3659, 'Toni Renhat Silaban', 0, '', 2, 'CBM'),
(3667, 'Eko Hery Setiawan', 0, '', 5, 'CBM'),
(3668, 'Tri Cia Meirukmana', 0, '', 4, 'CBM'),
(3680, 'Abdul Azis', 0, '', 10, 'CBM'),
(3682, 'Hidayat', 0, '', 2, 'CBM'),
(3686, 'Dayanandan Jayachandra Babu', 0, 'Process Improvement Lead', 7, 'CBM'),
(3692, 'Agung Setiawan', 0, '', 5, 'CBM'),
(3704, 'Muhammad Andika Ramadani', 0, '', 5, 'CBM'),
(3714, 'Craig Duncan', 0, 'General Manager', 16, 'CBM'),
(3717, 'Sigit Naharudin', 0, 'Assistant HR Manager', 11, 'CBM'),
(3718, 'Musolah Hudin', 0, '', 5, 'CBM'),
(3721, 'John Walker Manik', 0, '', 2, 'CBM'),
(3742, 'Fajar Herdiansyah', 0, '', 2, 'CBM'),
(3745, 'Mohammad Adri', 0, '', 5, 'CBM'),
(3749, 'Adhi Wahyudi', 0, '', 2, 'CBM'),
(3750, 'Imam Supriyadi', 0, '', 2, 'CBM'),
(3752, 'Zulhadi', 0, '', 2, 'CBM'),
(3754, 'Sutikno', 0, '', 2, 'CBM'),
(3756, 'Patar Maringan Parulian Siahaan', 0, 'Sr. MD NDE Technician', 4, 'CBM'),
(3758, 'Mhd. Syukri. AR', 0, '', 2, 'CBM'),
(3759, 'Syafri', 0, 'Sr. QC Inspector', 4, 'CBM'),
(3764, 'Muhammad Nur', 0, '', 2, 'CBM'),
(3767, 'Mohamad Richard', 0, '', 6, 'CBM'),
(3769, 'Feterzon', 0, '', 13, 'CBM'),
(3770, 'Feddy Welkam Hutabarat', 0, '', 4, 'CBM'),
(3772, 'Juwairiah Balqis Nusa', 0, '', 2, 'CBM'),
(3773, 'Efran Eriko Saragih', 0, '', 9, 'CBM'),
(3775, 'Afrishella Irviani Asnawi', 0, 'Sr. EPICOR Admin', 13, 'CBM'),
(3778, 'Muhammad Ilham', 0, '', 5, 'CBM'),
(3784, 'Johenri Samosir', 0, '', 2, 'CBM'),
(3794, 'Kurnia Nur Anisa', 0, '', 2, 'CBM'),
(3796, 'Asrizal', 0, '', 2, 'CBM'),
(3800, 'Devian Bustia', 0, '', 2, 'CBM'),
(3801, 'Sabar Hutagalung', 0, '', 2, 'CBM'),
(3803, 'Sandi Ardiansyah', 0, '', 2, 'CBM'),
(3810, 'Joshua Ferdinan Mangkey', 0, '', 6, 'CBM'),
(3812, 'Three Marten', 0, '', 2, 'CBM'),
(3813, 'Ade Yurnades', 0, '', 2, 'CBM'),
(3814, 'Rendi Afrizan', 0, '', 2, 'CBM'),
(3815, 'Fajar Maulana', 0, '', 2, 'CBM'),
(3821, 'Andreas Suryanda Laksono', 0, 'Sales Manager', 3, 'CBM'),
(3824, 'Vion Cavell', 0, 'Sr. Accountant Supervisor', 12, 'CBM'),
(3825, 'Romaida Hutabarat', 0, 'QA Manager', 8, 'CBM'),
(3827, 'Doni Saputra', 0, '', 4, 'CBM'),
(3829, 'Lilik Wahyudi', 0, '', 9, 'CBM'),
(3831, 'Aditya Nugraha', 0, '', 2, 'CBM'),
(3833, 'Abhi Mahyu', 0, '', 2, 'CBM'),
(3834, 'Afriandi', 0, '', 2, 'CBM'),
(3835, 'Daniel Hamengku Pracoyo', 0, '', 2, 'CBM'),
(3836, 'Diki Retno Widia', 0, '', 2, 'CBM'),
(3837, 'Afrizaldi', 0, '', 2, 'CBM'),
(3838, 'Suardi Arland', 0, '', 2, 'CBM'),
(3839, 'Muhammad Nawir', 0, '', 2, 'CBM'),
(3840, 'Aldhi Fitra', 0, '', 2, 'CBM'),
(3841, 'Wahyu Alfiqi', 0, '', 2, 'CBM'),
(3842, 'Sorotutuna Harepa', 0, '', 2, 'CBM'),
(3843, 'Andri Yanto', 0, '', 2, 'CBM'),
(3844, 'Jonni Mustafari Panjaitan', 0, '', 2, 'CBM'),
(3845, 'Firmansyah Sambur', 0, '', 2, 'CBM'),
(3846, 'Resfirman', 0, '', 2, 'CBM'),
(3848, 'Leonard Saroha S.', 0, '', 2, 'CBM'),
(3849, 'H Aliando Silalahi', 0, '', 2, 'CBM'),
(3851, 'Janter Lumban Tobing', 0, '', 2, 'CBM'),
(3855, 'Aris Sidik', 0, '', 2, 'CBM'),
(3856, 'I Gde Ngurah Agung Dharmawan', 0, '', 14, 'CBM'),
(3858, 'Dicki Fadjar Dewanto', 0, 'Sr. NDE Technician', 4, 'CBM'),
(3860, 'Syafrinaldi', 0, '', 4, 'CBM'),
(3861, 'Rowbertho Manurung', 0, '', 4, 'CBM'),
(3863, 'Iman Simorangkir', 0, 'Sr. NDE Technician', 4, 'CBM'),
(3864, 'Indra Jaya Hutabarat', 0, 'Sr. NDE Technician', 4, 'CBM'),
(3865, 'Steven Jems Sumarauw', 0, 'Sr. NDE Technician', 4, 'CBM'),
(3870, 'Maruli Rolando Simanjuntak', 0, '', 4, 'CBM'),
(3871, 'Perengki Pakpahan', 0, '', 4, 'CBM'),
(3873, 'Ronald Sipakkar', 0, '', 4, 'CBM'),
(3874, 'Aswat', 0, '', 2, 'CBM'),
(3875, 'Arif Fianto', 0, 'Production Foreman', 2, 'CBM'),
(3876, 'Tata Saptahadi', 0, '', 2, 'CBM'),
(3879, 'Ariko Yuliandri', 0, 'Sr. QC Inspector', 4, 'CBM'),
(3880, 'Noviandri Syahputra Lubis', 0, '', 4, 'CBM'),
(3882, 'Partomuan Samosir', 0, 'Sr. QC Inspector', 4, 'CBM'),
(3883, 'Wendrizal', 0, '', 4, 'CBM'),
(3885, 'Ivan Orlando Limouswan', 0, '', 1, 'CBM'),
(3889, 'Chintia Elmadiani', 0, '', 1, 'CBM'),
(3890, 'Makmur Simangunsong', 0, '', 2, 'CBM'),
(3893, 'Sony Rahandra', 0, '', 2, 'CBM'),
(3895, 'Solihat', 0, '', 2, 'CBM'),
(3901, 'Tison Samosir', 0, '', 4, 'CBM'),
(3902, 'Hendrizal', 0, '', 4, 'CBM'),
(3903, 'Bekman Aruan', 0, '', 4, 'CBM'),
(3904, 'Bintoro', 0, '', 2, 'CBM'),
(3906, 'Marshall Christian Sianturi', 0, '', 1, 'CBM'),
(3907, 'Shella', 0, '', 6, 'CBM'),
(3908, 'Winidias Chandra Prameswari', 0, '', 1, 'CBM'),
(3913, 'Bondwin Pasaribu', 0, '', 2, 'CBM'),
(3920, 'Dedy Irawan', 0, '', 2, 'CBM'),
(3921, 'Tommy Yusgianto', 0, '', 2, 'CBM'),
(3924, 'Zulham Darmawan', 0, '', 2, 'CBM'),
(3925, 'Rudy Budi Yanto', 0, '', 2, 'CBM'),
(3933, 'Sarmon Sitohang', 0, '', 4, 'CBM'),
(3952, 'Zainal Arifin', 0, '', 2, 'CBM'),
(3953, 'Panji Pratama', 0, '', 2, 'CBM'),
(3954, 'Subhan', 0, '', 2, 'CBM'),
(3955, 'Pajri', 0, '', 2, 'CBM'),
(3956, 'Sumargono', 0, '', 2, 'CBM'),
(3957, 'Suprapto', 0, '', 2, 'CBM'),
(3963, 'Sodikin', 0, '', 2, 'CBM'),
(3967, 'Thomson Pardede', 0, '', 2, 'CBM'),
(3972, 'Mariadi', 0, '', 2, 'CBM'),
(3974, 'Juhman Hadi', 0, 'Sr. NDE Technician', 4, 'CBM'),
(3977, 'Mangidotua Sebastianus Situmorang', 0, 'Sr. QC Inspector', 4, 'CBM'),
(3978, 'Rio Riahman Purba', 0, '', 4, 'CBM'),
(3979, 'Elvenle Kevin', 0, '', 4, 'CBM'),
(3993, 'Dewiyana Prabandari', 0, '', 2, 'CBM'),
(3995, 'Bionolla Shandiana', 0, '', 8, 'CBM'),
(4001, 'Ahmad Eriko', 0, '', 11, 'CBM'),
(4006, 'Sugiono', 0, '', 5, 'CBM'),
(4007, 'Iwan Winter Sinaga', 0, '', 5, 'CBM'),
(4008, 'Alan Nofranda', 0, '', 5, 'CBM'),
(4010, 'Bornok Tampubolon', 0, 'Sr. QC Inspector', 4, 'CBM'),
(4011, 'Sigit Apriadi', 0, '', 5, 'CBM'),
(4012, 'Sabam Parningotan Sirait', 0, '', 5, 'CBM'),
(4015, 'Angelina Herky Jullianna', 0, '', 4, 'CBM'),
(4016, 'Carlin Nando Panjaitan', 0, '', 5, 'CBM'),
(4017, 'Aditya Suwanda', 0, '', 5, 'CBM'),
(4018, 'Dimas Mahbiali', 0, '', 6, 'CBM'),
(4019, 'Rendy Novraza', 0, '', 5, 'CBM'),
(4020, 'Yusup', 0, '', 5, 'CBM'),
(4021, 'Adrian Robinson Panjaitan', 0, '', 5, 'CBM'),
(4032, 'Doni Prasetio', 0, '', 5, 'CBM'),
(4037, 'Ranti Firlika', 0, '', 12, 'CBM'),
(4038, 'Budi Susanto', 0, '', 5, 'CBM'),
(4039, 'Hermon Nababan', 0, '', 5, 'CBM'),
(4041, 'Jonner Marihot Silaen', 0, '', 5, 'CBM'),
(4042, 'Novita Sari Simangunsong', 0, '', 10, 'CBM'),
(4044, 'Supriyanto', 0, '', 5, 'CBM'),
(4045, 'Debby Mayani Sirait', 0, '', 10, 'CBM'),
(4047, 'Sufrianto Tampubolon', 0, '', 5, 'CBM'),
(4052, 'Ariwon Remid Saragih', 0, '', 2, 'CBM'),
(4053, 'Kilikia Hutagalung', 0, '', 2, 'CBM'),
(4054, 'Zaqqi Amrullah', 0, '', 2, 'CBM'),
(4055, 'Rizki Abdur Razak', 0, '', 2, 'CBM'),
(4056, 'Robert Hasiholan Pardede', 0, '', 5, 'CBM'),
(4057, 'Samwil', 0, '', 5, 'CBM'),
(4058, 'Budi Susanto', 0, '', 5, 'CBM'),
(4059, 'Oskar Togatorop', 0, '', 5, 'CBM'),
(4060, 'Fasriyal S', 0, '', 5, 'CBM'),
(4062, 'Iwan Simbolon', 0, '', 4, 'CBM'),
(4063, 'Hada Suhada', 0, '', 5, 'CBM'),
(4066, 'Hartono', 0, 'Sr. QC Inspector', 4, 'CBM'),
(4067, 'Rian Hardianto', 0, '', 4, 'CBM'),
(4070, 'Rudi Arianto', 0, '', 2, 'CBM'),
(4080, 'Arbani', 0, '', 2, 'CBM'),
(4081, 'Muhammad Shofiq', 0, '', 6, 'CBM'),
(4084, 'Bejamin L. Tobing', 0, '', 2, 'CBM'),
(4085, 'Noviansyah', 0, '', 2, 'CBM'),
(4087, 'Darwin Sinaga', 0, '', 4, 'CBM'),
(4088, 'Sumawan', 0, '', 4, 'CBM'),
(4089, 'Armansius Purba', 0, '', 10, 'CBM'),
(4090, 'Sardo Maruli Sinaga', 0, '', 10, 'CBM'),
(4091, 'Patar Dongoran', 0, '', 2, 'CBM'),
(4092, 'Irma Labora Suriani Lumban Gaol', 0, '', 2, 'CBM'),
(4093, 'Abdullah Sidiq', 0, '', 2, 'CBM'),
(4094, 'Aman Siregar', 0, 'Production Foreman', 2, 'CBM'),
(4095, 'Andri Roza Putra', 0, '', 2, 'CBM'),
(4096, 'Moh Junaedi', 0, '', 13, 'CBM'),
(4097, 'Jeckson Silitonga', 0, '', 4, 'CBM'),
(4098, 'Parto Pardomuan Purba', 0, '', 4, 'CBM'),
(4100, 'Tri Antonius Prokla Panjaitan', 0, '', 5, 'CBM'),
(4101, 'Sudiro', 0, '', 5, 'CBM'),
(4102, 'Rifaldi Agustian', 0, '', 10, 'CBM'),
(4103, 'Anriko Sihombing', 0, '', 5, 'CBM'),
(4104, 'Herois Muhammad Syukur', 0, '', 2, 'CBM'),
(4105, 'Ryan Febriansyah', 0, '', 2, 'CBM'),
(4106, 'Fernando Siboro', 0, 'ITES Manager', 13, 'CBM'),
(4107, 'Sumarlin', 0, 'Sr. NDE Technician', 4, 'CBM'),
(4108, 'Imom Jarkasi', 0, 'Sr. NDE Technician', 4, 'CBM'),
(4109, 'Widi Sutrisno', 0, '', 6, 'CBM'),
(4110, 'Yudhi Mardani', 0, '', 5, 'CBM'),
(4111, 'Asri Rizalni Chan', 0, '', 6, 'CBM'),
(4113, 'Angelita', 0, '', 2, 'CBM'),
(4114, 'Duando Sianturi', 0, '', 1, 'CBM'),
(4116, 'Michael Allen Hill Langley', 0, '', 15, 'CBM'),
(4117, 'Alaniadi', 0, '', 2, 'CBM'),
(4118, 'Andi Safrizal', 0, '', 2, 'CBM'),
(4119, 'Adhi Wahyudy', 0, '', 2, 'CBM'),
(4120, 'Bayu Dwi Prakoso', 0, '', 2, 'CBM'),
(4122, 'Rina Juwita', 0, '', 11, 'CBM'),
(4124, 'Maryanta', 0, 'Sr. NDE Technician', 4, 'CBM'),
(4125, 'Riwanto', 0, 'Sr. NDE Technician', 4, 'CBM'),
(4127, 'AH Muh Rojab', 0, '', 6, 'CBM'),
(4129, 'Afrizal Riansyah', 0, '', 2, 'CBM'),
(4131, 'Ali Samso', 0, '', 2, 'CBM'),
(4132, 'Daud Munte', 0, '', 2, 'CBM'),
(4133, 'Muhammad Yuriguzna Agam', 0, '', 2, 'CBM'),
(4134, 'Christiansen Fernando Surentu', 0, '', 10, 'CBM'),
(4135, 'Muhlizam', 0, '', 2, 'CBM'),
(4136, 'Satria Wibowo', 0, '', 2, 'CBM'),
(4139, 'Reno Kartika Asmara', 0, '', 2, 'CBM'),
(4140, 'Bram Jovi Siagian', 0, '', 4, 'CBM'),
(4141, 'Manolito Ompusunggu', 0, '', 4, 'CBM'),
(4143, 'Philip Pardamean Pakpahan', 0, '', 5, 'CBM'),
(4150, 'Deddy Andrizti', 0, '', 2, 'CBM'),
(4151, 'Rado Tambunan', 0, '', 2, 'CBM'),
(4152, 'Fajar Islamy', 0, '', 2, 'CBM'),
(4155, 'Fian Sofian Ariyadi', 0, 'Sr. Technical Engineer', 14, 'CBM'),
(4162, 'Dasdo Turnip', 0, '', 2, 'CBM'),
(4170, 'Noprizal', 0, '', 2, 'CBM'),
(4171, 'Andi Candra', 0, '', 2, 'CBM'),
(4172, 'Stefanno Widy Yunior', 0, 'Technical Manager', 14, 'CBM'),
(4175, 'Siswanto', 0, '', 5, 'CBM'),
(4176, 'Putri Khabibatul Aulia', 0, '', 2, 'CBM'),
(4185, 'Aldino Ramadhanu', 0, '', 4, 'CBM'),
(4186, 'Junita Sri Wisna Huta Uruk', 0, '', 10, 'CBM'),
(4189, 'Fery Irawan', 0, '', 15, 'CBM'),
(4190, 'Syaiful Bahri', 0, '', 2, 'CBM'),
(4191, 'Kholil Nasution', 0, '', 13, 'CBM'),
(4193, 'Ghalib Akbar Alfiandi', 0, '', 6, 'CBM'),
(4194, 'Luciana Maikurniati', 0, '', 3, 'CBM'),
(4196, 'Rika Susanti', 0, '', 12, 'CBM'),
(4197, 'Musharyadi', 0, '', 5, 'CBM'),
(4198, 'Rio Eko Suryanto', 0, '', 5, 'CBM'),
(4199, 'Dois Ditya Wahyu Kirana', 0, '', 4, 'CBM'),
(4202, 'Sulistiono', 0, '', 2, 'CBM'),
(4204, 'Syawal Akbar', 0, '', 2, 'CBM'),
(4206, 'Moritt Nababan', 0, '', 13, 'CBM'),
(4207, 'Ananda Lona Silalahi', 0, '', 9, 'CBM'),
(4208, 'Putra Budiman', 0, '', 6, 'CBM'),
(4209, 'Nurdiana Savera Sari', 0, '', 11, 'CBM'),
(4211, 'Riki Zalkarnain', 0, '', 13, 'CBM'),
(4212, 'Ruswanto', 0, '', 11, 'CBM'),
(4213, 'Mochammad Sukmo Aji Mahendra', 0, '', 13, 'CBM'),
(4214, 'Eric Guntur Wibowo', 0, '', 14, 'CBM'),
(4215, 'Vetty Vera', 0, '', 14, 'CBM'),
(4222, 'Andi Ariyanto', 0, '', 5, 'CBM'),
(4223, 'Aang Junaidi', 0, 'Engineering & Automation Superintendent', 6, 'CBM'),
(4224, 'Ahmad Arfan Nasution', 0, '', 2, 'CBM'),
(4225, 'Ajis Carnawan Budiyana', 0, '', 2, 'CBM'),
(4227, 'Ahmad Saad', 0, 'Equipment & Build Foreman', 2, 'CBM'),
(4228, 'Mangapul Manurung', 0, '', 2, 'CBM'),
(4229, 'Ibnu Sapari', 0, '', 2, 'CBM'),
(4230, 'Sumitro Simbolon', 0, '', 2, 'CBM'),
(4231, 'Nurmansyah', 0, '', 2, 'CBM'),
(4233, 'Antonius', 0, '', 2, 'CBM'),
(4234, 'Jonson Bobev Josua Manurung', 0, '', 2, 'CBM'),
(4235, 'Kadir Jantom Manalu', 0, '', 2, 'CBM'),
(4236, 'Daniel Sihotang', 0, '', 4, 'CBM'),
(4240, 'Alan Pramudiya', 0, '', 2, 'CBM'),
(4241, 'Eka Putra', 0, '', 2, 'CBM'),
(4243, 'Mochammad Said', 0, '', 2, 'CBM'),
(4248, 'Nugraha Novyarshah Putra', 0, '', 4, 'CBM'),
(4251, 'Sano', 0, '', 5, 'CBM'),
(4252, 'Dasrianto', 0, '', 2, 'CBM'),
(4253, 'M. Akbar Pratama', 0, '', 2, 'CBM'),
(4255, 'Arfan', 0, '', 2, 'CBM'),
(4256, 'Amra Pratama', 0, '', 2, 'CBM'),
(4257, 'Mandataris Sihombing', 0, '', 2, 'CBM'),
(4263, 'Henry Triyanto Lamsihar', 0, '', 2, 'CBM'),
(4264, 'Berlan Manurung', 0, '', 2, 'CBM'),
(4265, 'Junaidi', 0, '', 2, 'CBM'),
(4267, 'Suprianto', 0, '', 2, 'CBM'),
(4270, 'Ihya Annisa', 0, '', 6, 'CBM'),
(4271, 'Ahmad Hanafi', 0, '', 2, 'CBM'),
(4272, 'Subagio', 0, '', 2, 'CBM'),
(4273, 'Ibnu Hajar', 0, '', 2, 'CBM'),
(4274, 'Ahmat Sugito', 0, '', 2, 'CBM'),
(4275, 'Gintar Ginting', 0, '', 2, 'CBM'),
(4276, 'Aliansyah', 0, '', 2, 'CBM'),
(4277, 'Muhammad Sofyan', 0, '', 2, 'CBM'),
(4278, 'Arief Fikri', 0, '', 2, 'CBM'),
(4279, 'Johnter Sianipar', 0, '', 2, 'CBM'),
(4280, 'Arfiy Satria', 0, '', 2, 'CBM'),
(4281, 'Temi Harisman', 0, '', 2, 'CBM'),
(4284, 'Dedi Irawan', 0, '', 2, 'CBM'),
(4288, 'Syamsul Amri', 0, '', 2, 'CBM'),
(4289, 'Taripar Simatupang', 0, '', 2, 'CBM'),
(4290, 'Siti Aminah', 0, '', 2, 'CBM'),
(4291, 'Ade Rahayu', 0, '', 2, 'CBM'),
(4292, 'Felda', 0, '', 2, 'CBM'),
(4295, 'Sri Sumarni', 0, '', 2, 'CBM'),
(4296, 'Nurjatmiko Pujo Kusumarjonoputro', 0, '', 2, 'CBM'),
(4297, 'Bayu Prihantoro', 0, '', 2, 'CBM'),
(4299, 'Zainil Fahmi', 0, '', 2, 'CBM'),
(4300, 'Muhammad Rizki', 0, '', 5, 'CBM'),
(4301, 'Pardamean Sianturi', 0, '', 2, 'CBM'),
(4302, 'Sandi Wijaya', 0, '', 2, 'CBM'),
(4303, 'Hendra Hasibuan', 0, '', 2, 'CBM'),
(4306, 'Firmansyah', 0, '', 4, 'CBM'),
(4307, 'Timbul Romulus Simangunsong', 0, '', 4, 'CBM'),
(4308, 'Hendi Supari', 0, '', 2, 'CBM'),
(4309, 'Raja Wahid', 0, '', 2, 'CBM'),
(4310, 'Liber Damanik', 0, '', 2, 'CBM'),
(4311, 'Erni Prida Situmorang', 0, '', 5, 'CBM'),
(4314, 'Maftukhin Abdul Muid', 0, '', 2, 'CBM'),
(4316, 'Iqbal Muhammad Husaini', 0, '', 8, 'CBM'),
(4317, 'Fadli Sukandar', 0, '', 2, 'CBM'),
(4318, 'Muhaimin', 0, '', 2, 'CBM'),
(4319, 'Reza Lazuardi', 0, '', 2, 'CBM'),
(4320, 'M. Hanif', 0, '', 2, 'CBM'),
(4321, 'Vengki Simaremare', 0, '', 4, 'CBM'),
(4322, 'Andika Saputra Winokan', 0, '', 2, 'CBM'),
(4323, 'Riki Perdana', 0, '', 2, 'CBM'),
(4324, 'Zandi Saptiawan', 0, '', 2, 'CBM'),
(4325, 'Ahmad Yodik Hermanto', 0, '', 2, 'CBM'),
(4327, 'Rivalto', 0, '', 2, 'CBM'),
(4328, 'Amirkan Daulay', 0, '', 2, 'CBM'),
(4329, 'Arief Wahyu Ardiansyah', 0, '', 2, 'CBM'),
(4330, 'Muhammad Ibnu Umar', 0, '', 2, 'CBM'),
(4331, 'Muhamad Dimyati', 0, '', 2, 'CBM'),
(4332, 'Hando Hutabarat', 0, '', 2, 'CBM'),
(4333, 'Muhammad Fauji', 0, '', 2, 'CBM'),
(4334, 'Ilham Ansharil', 0, '', 2, 'CBM'),
(4335, 'Asep Akhmad Mulyana', 0, '', 2, 'CBM'),
(4336, 'Roni Saputra', 0, '', 2, 'CBM'),
(4337, 'Vio Vriski Dwi Ananda', 0, '', 2, 'CBM'),
(4338, 'Ahmad Muqorrobin', 0, '', 2, 'CBM'),
(4339, 'Raja Satria Andika', 0, '', 2, 'CBM'),
(4340, 'Fadhli Mamonto', 0, '', 2, 'CBM'),
(4341, 'Brado Gahardyca Putra', 0, '', 2, 'CBM'),
(4342, 'M. Solehan', 0, '', 2, 'CBM'),
(4343, 'Lucky Yulianto', 0, '', 2, 'CBM'),
(4344, 'Jekson Evandi Sitorus', 0, '', 2, 'CBM'),
(4345, 'Bertua Jefri Silitonga', 0, '', 2, 'CBM'),
(4346, 'Boby Juanda', 0, '', 2, 'CBM'),
(4347, 'Jetro Pangihutan Manurung', 0, '', 2, 'CBM'),
(4348, 'Suriyansyah', 0, '', 2, 'CBM'),
(4349, 'Agung Pramoto', 0, '', 2, 'CBM'),
(4350, 'Heri Wahyudi', 0, '', 2, 'CBM'),
(4351, 'Arie Wahyu Hartanto', 0, '', 2, 'CBM'),
(4352, 'Ari Purwanto', 0, '', 2, 'CBM'),
(4353, 'Dodi Hermawan', 0, '', 2, 'CBM'),
(4354, 'Kusnandar', 0, '', 2, 'CBM'),
(4355, 'Jonnefri', 0, '', 2, 'CBM'),
(4356, 'Adi Setiawan', 0, '', 2, 'CBM'),
(4357, 'Dodi Saputra', 0, '', 2, 'CBM'),
(4358, 'Deri Septian', 0, '', 2, 'CBM'),
(4359, 'Fredy Iswan', 0, '', 2, 'CBM'),
(4360, 'Syamsi Fuad', 0, '', 2, 'CBM'),
(4361, 'Windhu Hermawan', 0, '', 2, 'CBM'),
(4363, 'Dicky Andrean', 0, '', 5, 'CBM'),
(4364, 'Muhammad Yaasin', 0, '', 2, 'CBM'),
(4365, 'Pugar Situmorang', 0, '', 2, 'CBM'),
(4366, 'Kamarson Sembiring', 0, '', 2, 'CBM'),
(4368, 'Maria Susanti Thia', 0, '', 2, 'CBM'),
(4375, 'Peri Subianto', 0, '', 2, 'CBM'),
(4376, 'Febri Ramanda', 0, '', 2, 'CBM'),
(4380, 'Eva Marlia', 0, '', 2, 'CBM'),
(4381, 'Dandi Wiranto Tambunan', 0, '', 2, 'CBM'),
(4382, 'Fidelity Gratyanus Bebali Gea', 0, '', 14, 'CBM'),
(4383, 'Faisal Ridwansyah Prawira', 0, '', 14, 'CBM'),
(4384, 'Charlotte S. A. Pasaribu', 0, '', 14, 'CBM'),
(4385, 'Zulkifli Sinaga', 0, '', 2, 'CBM'),
(4386, 'Larencus Sirait', 0, '', 2, 'CBM'),
(4388, 'Suriyanto', 0, '', 2, 'CBM'),
(4391, 'Tri Heryanto', 0, '', 5, 'CBM'),
(4392, 'Raja Raino Hariadi', 0, '', 4, 'CBM'),
(4393, 'Lukmanul Hakim Dalimunte', 0, '', 2, 'CBM'),
(4394, 'Andi Fatawari', 0, '', 2, 'CBM'),
(4396, 'Siswadi', 0, '', 4, 'CBM'),
(4397, 'David Kurniawan', 0, '', 4, 'CBM'),
(4398, 'Gunawan Markus Gultom', 0, '', 4, 'CBM'),
(4399, 'Jaminsen Saragih', 0, '', 4, 'CBM'),
(4400, 'Satoto Subandoro', 0, 'HRIS Supervisor', 11, 'CBM'),
(4401, 'Hary Putra', 0, '', 2, 'CBM'),
(4402, 'Aan Kurnianto', 0, '', 2, 'CBM'),
(4403, 'M. Danil', 0, '', 2, 'CBM'),
(4404, 'Dimas Prianggoro', 0, '', 2, 'CBM'),
(4405, 'Agus Supriyanto', 0, '', 2, 'CBM'),
(4407, 'Chumaidi Hambali', 0, '', 2, 'CBM'),
(4409, 'Reza Nopriansyah', 0, '', 2, 'CBM'),
(4410, 'Bahtiar Nur Efendi', 0, '', 2, 'CBM'),
(4411, 'Yoyon Juliadi', 0, '', 2, 'CBM'),
(4413, 'Hardis Simatupang', 0, '', 2, 'CBM'),
(4414, 'Edo Reymond', 0, '', 2, 'CBM'),
(4415, 'Anantoyudi Winarno', 0, '', 2, 'CBM'),
(4416, 'Ponimin', 0, '', 2, 'CBM'),
(4417, 'Ruswanto', 0, '', 2, 'CBM'),
(4418, 'Sungkowo', 0, '', 2, 'CBM'),
(4420, 'Ridwan', 0, '', 5, 'CBM'),
(4421, 'Ganda Ujung', 0, '', 2, 'CBM'),
(4422, 'Wirjosukiman Rajagukguk', 0, '', 2, 'CBM'),
(4423, 'Evikson Sinambela', 0, '', 2, 'CBM'),
(4424, 'Okki Salman Farizi', 0, '', 4, 'CBM'),
(4425, 'Pelisa', 0, '', 12, 'CBM'),
(4426, 'Yusuf Roni Situmeang', 0, '', 4, 'CBM'),
(4427, 'Rito Septiandi', 0, '', 4, 'CBM'),
(4428, 'Junaidi Abdullah', 0, '', 14, 'CBM'),
(4429, 'Liborius Wagner Ferry Putera', 0, '', 14, 'CBM'),
(4430, 'Roni Chandra Tampubolon', 0, '', 2, 'CBM'),
(4431, 'Saipul Alam Siregar', 0, '', 4, 'CBM'),
(4432, 'Iqfal Zulhendri', 0, '', 4, 'CBM'),
(4433, 'Coky Tampubolon', 0, '', 4, 'CBM'),
(4434, 'Asri', 0, '', 5, 'CBM'),
(4435, 'Friska Dhea Rheinanda', 0, '', 1, 'CBM'),
(4436, 'Agus Fitriana', 0, '', 2, 'CBM'),
(4437, 'Alfalah', 0, '', 2, 'CBM'),
(4438, 'Angles', 0, '', 2, 'CBM'),
(4439, 'Eko Saputra', 0, '', 2, 'CBM'),
(4440, 'Joni Silitonga', 0, '', 2, 'CBM'),
(4441, 'Marseno', 0, '', 2, 'CBM'),
(4442, 'Mhd. Ainudin Wibowo', 0, '', 2, 'CBM'),
(4443, 'Muhamad Syaifuddin', 0, '', 2, 'CBM'),
(4444, 'Pulung Prihatin', 0, '', 2, 'CBM'),
(4445, 'Ridzky Febriyanto', 0, '', 2, 'CBM'),
(4446, 'Ruziah', 0, '', 2, 'CBM'),
(4447, 'Suryadinto Simorangkir', 0, '', 2, 'CBM'),
(4448, 'Tomi Prasetyo', 0, '', 2, 'CBM'),
(4449, 'Windy Kurniawan', 0, '', 2, 'CBM'),
(4450, 'Fadjar Mahardhika', 0, '', 2, 'CBM'),
(4451, 'Japarudin', 0, '', 2, 'CBM'),
(4452, 'Micco Alfintri', 0, '', 2, 'CBM'),
(4453, 'Pardamean Pangaribuan', 0, '', 2, 'CBM'),
(4454, 'Sawaluddin', 0, '', 2, 'CBM'),
(4455, 'Zulhaeri', 0, '', 2, 'CBM'),
(4456, 'Arie Nugraha Eka Sasmito Putro', 0, '', 2, 'CBM'),
(4457, 'Maulana Ghozi', 0, '', 2, 'CBM'),
(4465, 'Doan Parantha Verdhy', 0, '', 2, 'CBM'),
(4466, 'Rezais Shorat Ashabul Kahfi', 0, '', 2, 'CBM'),
(4467, 'Cahyadi', 0, '', 2, 'CBM'),
(4468, 'Edi Budianto', 0, '', 2, 'CBM'),
(4469, 'Madian', 0, '', 2, 'CBM'),
(4473, 'Awaludin Abu Bakar', 0, '', 11, 'CBM'),
(4474, 'Supriyanto', 0, '', 4, 'CBM'),
(4475, 'Alviansyah Meishaputra', 0, '', 2, 'CBM'),
(4476, 'Ferry Prasetyo', 0, '', 2, 'CBM'),
(4477, 'Dwi Mardianto Putra', 0, '', 2, 'CBM'),
(4478, 'Wahyu Udi Ridho Setiawan', 0, '', 2, 'CBM'),
(4479, 'Arbani', 0, '', 2, 'CBM'),
(4480, 'Giman Gilbertus Situmorang', 0, '', 2, 'CBM'),
(4484, 'Binsar Mangadong Tua Siahaan', 0, '', 2, 'CBM'),
(4485, 'Rio Rizki Ramadhani', 0, '', 2, 'CBM'),
(4486, 'Sudirwanto', 0, '', 2, 'CBM'),
(4514, 'Andrew Refieska', 0, '', 14, 'CBM'),
(4515, 'Randa Amalta Saputra', 0, '', 2, 'CBM'),
(4516, 'Rizky Pratama Putra', 0, '', 2, 'CBM'),
(4517, 'Bambang Partomo', 0, '', 2, 'CBM'),
(4518, 'Ferizal', 0, '', 2, 'CBM'),
(4519, 'Asep Yusmansyah', 0, '', 2, 'CBM'),
(4520, 'Eko Setio Aji', 0, '', 2, 'CBM'),
(4521, 'Radi Purwanto saragih', 0, '', 2, 'CBM'),
(4522, 'Gunawan', 0, '', 2, 'CBM'),
(4525, 'Usman Ismail', 0, '', 7, 'CBM'),
(4526, 'Natal Siregar', 0, '', 2, 'CBM'),
(4527, 'Handoko Eduardus Siallagan', 0, '', 2, 'CBM'),
(4528, 'Hotden Purba', 0, '', 2, 'CBM'),
(4529, 'James Manurung', 0, '', 2, 'CBM'),
(4530, 'Feri Mustafa Siahaan', 0, '', 2, 'CBM'),
(4531, 'Aditya Kurniawan', 0, '', 2, 'CBM'),
(4532, 'Mulyadi', 0, '', 2, 'CBM'),
(4533, 'Lukmanden Girsang', 0, '', 2, 'CBM'),
(4534, 'Samuri', 0, '', 2, 'CBM'),
(4535, 'Budiman Bancin', 0, '', 2, 'CBM'),
(4536, 'Ridho Sihite', 0, '', 2, 'CBM'),
(4537, 'Saut Marulitua Padang', 0, '', 2, 'CBM'),
(4538, 'Kadhevi Jordansyah', 0, '', 2, 'CBM'),
(4539, 'Isurianto', 0, '', 2, 'CBM'),
(4540, 'Roy Dopler Sitio', 0, '', 2, 'CBM'),
(4543, 'Ahmad Zulkifli Nurfahmi', 0, '', 5, 'CBM'),
(4544, 'Ahmad Ridwan', 0, '', 2, 'CBM'),
(4545, 'Nikky Fridynata', 0, '', 2, 'CBM'),
(4546, 'Aris Setiawan', 0, '', 2, 'CBM'),
(4547, 'Axel Nicolas Marbun', 0, '', 2, 'CBM'),
(4548, 'Riski Agung Setiyanto', 0, '', 2, 'CBM'),
(4549, 'Muhammad Given', 0, '', 2, 'CBM'),
(4550, 'Khomarudi', 0, '', 2, 'CBM'),
(4551, 'Ahmad Kukuh Santoso', 0, '', 2, 'CBM'),
(4552, 'Razwan Saputra', 0, '', 2, 'CBM'),
(4553, 'Eka Kurniawan', 0, '', 2, 'CBM'),
(4554, 'Andrie Eko Prihandoko', 0, '', 2, 'CBM'),
(4555, 'Rialfian', 0, '', 2, 'CBM'),
(4556, 'Supri Yadi', 0, '', 2, 'CBM'),
(4557, 'Muhammad Yuda', 0, '', 2, 'CBM'),
(4559, 'Febri Hariadi', 0, '', 10, 'CBM'),
(4560, 'Afrizal', 0, '', 2, 'CBM'),
(4574, 'Ahmad Yusuf Yusron', 0, '', 5, 'CBM'),
(4575, 'Tegar Prima Yastisio', 0, '', 2, 'CBM'),
(4576, 'Teta Nurjana', 0, '', 2, 'CBM'),
(4577, 'Sakun Purwandono Adi Nugroho', 0, 'Warehouse Supervisor', 10, 'CBM'),
(4578, 'Joni', 0, '', 2, 'CBM'),
(4582, 'Lery Carlos Lahallo', 0, '', 2, 'CBM'),
(4583, 'Alex Vernando', 0, '', 2, 'CBM'),
(4584, 'Brylle B Samsuar', 0, '', 2, 'CBM'),
(4585, 'Amin Al jasid', 0, '', 2, 'CBM'),
(4586, 'Armando Sianturi', 0, '', 2, 'CBM'),
(4587, 'Manatap Siringo Ringo', 0, '', 2, 'CBM'),
(4588, 'Fryan Musaddiq Luqfan', 0, '', 2, 'CBM'),
(4589, 'Aldi Surya Pati', 0, '', 2, 'CBM'),
(4590, 'Muhammad Imran', 0, '', 2, 'CBM'),
(4591, 'Fadli Syamsuddin', 0, '', 2, 'CBM'),
(4592, 'Sudarman', 0, '', 2, 'CBM'),
(4593, 'M. Sultan Atha Alabrar', 0, '', 2, 'CBM'),
(4594, 'Alif Fathur Al Falakh', 0, '', 2, 'CBM'),
(4595, 'Veredy Amando Damanik', 0, '', 2, 'CBM'),
(4596, 'Dwi Elyanto', 0, '', 2, 'CBM'),
(4597, 'Bhakti Junrio', 0, '', 6, 'CBM'),
(4598, 'Slamet Riyadi', 0, '', 2, 'CBM'),
(4599, 'Aminan', 0, '', 2, 'CBM'),
(4600, 'Welas Pambudi', 0, '', 2, 'CBM'),
(4601, 'Febri Rolan Ramot Napitupulu', 0, '', 9, 'CBM');

-- --------------------------------------------------------

--
-- Table structure for table `location`
--

CREATE TABLE `location` (
  `LocID` varchar(25) NOT NULL,
  `LocName` varchar(50) NOT NULL,
  `Description` varchar(100) NOT NULL,
  `AreaID` varchar(25) NOT NULL
) ENGINE=InnoDB DEFAULT CHARSET=latin1;

--
-- Dumping data for table `location`
--

INSERT INTO `location` (`LocID`, `LocName`, `Description`, `AreaID`) VALUES
('1ST', 'FIRST FLOOR AREA', 'FIRST FLOOR AREA', 'OF'),
('2ND', 'SECOND FLOOR AREA', 'SECOND FLOOR AREA', 'OF'),
('3RD', 'THIRD FLOOR AREA', 'THIRD FLOOR AREA', 'OF'),
('AB', 'AUTO BLASTING', 'AUTO BLASTING', 'WC'),
('BA', 'BEVEL AREA', 'BEVEL AREA', 'WB'),
('BC', 'BLACK COATING', 'BLACK COATING', 'WD'),
('CA', 'COMPRESSOR AREA', 'COMPRESSOR AREA', 'WA'),
('CAN', 'CANTEEN AREA', 'CANTEEN AREA', 'Y1'),
('CC', 'CLIENT CONTAINER', 'CLIENT CONTAINER', 'Y1'),
('CNC', 'CNC', 'CNC', 'WD'),
('CR', 'DARK ROOM/CONTROL ROOM', 'DARK ROOM/CONTROL ROOM', 'WB'),
('CRP', 'CARPENTER', 'CARPENTER', 'WD'),
('DRT', 'DRT', 'DRT', 'WB'),
('EC', 'E.C. (END CLAD)', 'E.C. (END CLAD)', 'WB'),
('EDCU', 'EDDY CURRENT', 'EDDY CURRENT', 'WB'),
('EXP', 'EXPAND', 'EXPAND', 'WB'),
('FAR', 'FIRST AID ROOM', 'FIRST AID ROOM', 'Y1'),
('FDC', 'FDC BENDING', 'FDC BENDING', 'WC'),
('FDC-FIT', 'FDC FITTING/FLATGE', 'FDC FITTING/FLATGE', 'WD'),
('FFT', 'SECOND FLOOR - FEMALE TOILET', 'SECOND FLOOR - FEMALE TOILET', 'OF'),
('FI', 'FINAL INSPECTION', 'FINAL INSPECTION', 'WC'),
('FLB', 'FIRST FLOOR - BOARD ROOM', 'FIRST FLOOR - BOARD ROOM', 'OF'),
('FLD', 'FIRST FLOOR - DAMMAR ROOM', 'FIRST FLOOR - DAMMAR ROOM', 'OF'),
('FLG', 'FIRST FLOOR - GORGON ROOM', 'FIRST FLOOR - GORGON ROOM', 'OF'),
('FLH', 'FIRST FLOOR - HASHDRUBAL ROOM', 'FIRST FLOOR - HASHDRUBAL ROOM', 'OF'),
('FLT', 'FIRST FLOOR - FEMALE TOILET', 'FIRST FLOOR - FEMALE TOILET', 'OF'),
('FMT', 'FIRST FLOOR - MALE TOILET', 'FIRST FLOOR - MALE TOILET', 'OF'),
('FO', 'THIRD FLOOR - FINANCE OFFICE', 'THIRD FLOOR - FINANCE OFFICE', 'OF'),
('FS', 'FABRIKASI STATION', 'FABRIKASI STATION', 'WB'),
('FUR', 'FURNACE', 'FURNACE', 'WC'),
('FV', 'FINAL VISUAL (QC)', 'FINAL VISUAL (QC)', 'WA'),
('HR', 'THIRD FLOOR - HR OFFICE', 'THIRD FLOOR - HR OFFICE', 'OF'),
('HYD', 'HYDROTEST', 'HYDROTEST', 'WB'),
('IB', 'INDUCTION BEND', 'INDUCTION BEND', 'WC'),
('MHYD', 'HYDROTEST (MANUAL HYDROTEST)', 'HYDROTEST (MANUAL HYDROTEST)', 'WD'),
('MLP', 'MLP', 'MLP', 'WB'),
('MRL3', 'THIRD FLOOR - MEETING ROOM WASIT ', 'THIRD FLOOR - MEETING ROOM WASIT ', 'OF'),
('MRS', 'MANUAL REPAIR STATION', 'MANUAL REPAIR STATION', 'WA'),
('MS', 'MACHINING STATION', 'MACHINING STATION', 'WA'),
('PAC', 'PARKING AREA CAR', 'PARKING AREA', 'Y1'),
('PAM', 'PARKING AREA MOTORCYCLE', 'PARKING AREA MOTORCYCLE', 'Y1'),
('PAR', 'PARKING AREA', 'PARKING AREA', 'Y2'),
('PIKLING', 'PIKLING', 'PIKLING', 'WA'),
('PL1', 'FIRST FLOOR - PANTRY', 'FIRST FLOOR - PANTRY', 'OF'),
('PL2', 'SECOND FLOOR - PANTRY', 'SECOND FLOOR - PANTRY', 'OF'),
('QS', 'QH STATION', 'QH STATION', 'WA'),
('RCP', 'FIRST FLOOR - RECEPTIONIST', 'FIRST FLOOR - RECEPTIONIST', 'OF'),
('RT', 'RADIOGRAPHY TESTING (DOG HOUSE)', 'RADIOGRAPHY TESTING (DOG HOUSE)', 'WB'),
('RTB', 'RT BUNKER', 'RT BUNKER', 'WC'),
('S1', 'POST SECURITY 1', 'POST SECURITY 1', 'Y1'),
('S2', 'POST SECURITY 2', 'POST SECURITY 2', 'Y1'),
('SA', 'STORE AREA', 'STORE AREA', 'WA'),
('SF', 'SPOOL FABRIKASI', 'SPOOL FABRIKASI', 'WD'),
('SHV', 'SHV', 'SHV', 'WC'),
('SHV-3', 'SHV (3 STATION)', 'SHV (3 STATION)', 'WA'),
('SLB', 'SECOND FLOOR - BOARD ROOM', 'SECOND FLOOR - BOARD ROOM', 'OF'),
('SLG', 'SECOND FLOOR - GM ROOM', 'SECOND FLOOR - GM ROOM', 'OF'),
('SLP', 'SECOND FLOOR - P75 ROOM', 'SECOND FLOOR - P75 ROOM', 'OF'),
('SMT', 'SECOND FLOOR - MALE TOILET', 'SECOND FLOOR - MALE TOILET', 'OF'),
('SR', 'THIRD FLOOR - SERVER ROOM', 'THIRD FLOOR - SERVER ROOM', 'OF'),
('TFT', 'THIRD FLOOR - FEMALE TOILET', 'THIRD FLOOR - FEMALE TOILET', 'OF'),
('TMT', 'THIRD FLOOR - MALE TOILET', 'THIRD FLOOR - MALE TOILET', 'OF'),
('TS', 'TH STATION', 'TH STATION', 'WA'),
('TSA', 'TOILET SHOP A', 'TOILET SHOP A', 'Y1'),
('TSD', 'TOILET SHOP D', 'TOILET SHOP D', 'Y1'),
('VA', 'VISUAL AREA (INTERNAL QC PRODUCTION)', 'VISUAL AREA (INTERNAL QC PRODUCTION)', 'WA'),
('VIA', 'VISUAL AREA', 'VISUAL AREA', 'WB'),
('WE', 'Workshop E', 'Workshop E', 'Y2'),
('WS', 'WELDING SPOOL', 'WELDING SPOOL', 'WD'),
('WWB', 'WW BENDING', 'WW BENDING', 'WC'),
('WWS', 'WW STATION', 'WW STATION', 'WC'),
('Y2', 'YARD 2 AREA', 'YARD 2 AREA', 'Y2');

-- --------------------------------------------------------

--
-- Table structure for table `oc`
--

CREATE TABLE `oc` (
  `TrackingNum` varchar(25) NOT NULL,
  `CompanyID` varchar(10) NOT NULL,
  `OCType` varchar(50) NOT NULL,
  `ShortChart` varchar(50) NOT NULL,
  `Date` date NOT NULL,
  `Shift` varchar(50) NOT NULL,
  `Time` time NOT NULL,
  `AreaID` varchar(25) NOT NULL,
  `AreaName` varchar(25) NOT NULL,
  `LocID` varchar(25) NOT NULL,
  `LocName` varchar(50) NOT NULL,
  `Problem` varchar(500) NOT NULL,
  `Suggestion` varchar(500) NOT NULL,
  `OCCategory` varchar(50) NOT NULL,
  `Action` varchar(100) NOT NULL,
  `ImplementDate` date NOT NULL,
  `Status` varchar(50) NOT NULL,
  `Remark` varchar(50) NOT NULL,
  `Name` varchar(50) NOT NULL,
  `EmpName` varchar(50) DEFAULT NULL,
  `EmpID` int(10) NOT NULL,
  `CustID` varchar(25) NOT NULL,
  `BeforeAction` varchar(100) NOT NULL
) ENGINE=InnoDB DEFAULT CHARSET=latin1;

--
-- Dumping data for table `oc`
--

INSERT INTO `oc` (`TrackingNum`, `CompanyID`, `OCType`, `ShortChart`, `Date`, `Shift`, `Time`, `AreaID`, `AreaName`, `LocID`, `LocName`, `Problem`, `Suggestion`, `OCCategory`, `Action`, `ImplementDate`, `Status`, `Remark`, `Name`, `EmpName`, `EmpID`, `CustID`, `BeforeAction`) VALUES
('OC-0001', 'CBM', 'Un Safe Condition', '', '2021-04-19', 'D/S', '00:00:00', 'WC', 'Workshop C', 'WWS', 'AUTO BLASTING', 'Lots of fume noticed during DPT WW', 'Check the fume extractor condition', 'OBSERVATION', '', '0000-00-00', 'Open', 'Employee', '', 'Abdurohman Bin Rawinda', 3496, '', ''),
('OC-0002', 'CBM', 'Un Safe Condition', '', '2021-04-19', 'D/S', '00:00:00', 'WA', 'Workshop A', 'MS', 'COMPRESSOR AREA', 'M/C guards broken', 'Repair ASAP', 'OBSERVATION', '', '0000-00-00', 'Open', 'Employee', '', 'Jan Jonswan Hutasoit', 106, '', '20210419_093941.jpg'),
('OC-0003', 'CBM', 'FVI', '', '2021-04-19', 'D/S', '00:00:00', 'Y2', 'Yard2', 'Y2', 'PARKING AREA', 'Some released pipes of CT657 stored in Yard-2 found with end cap damage during transportation and relocation from yard-1 to yard-2', 'Ask production team to rectify what what we have to secure the damage area from any foreign materials and water entering the pipes which will cause quality issues, and strongly suggest purchasing to purchase better duct tape to prevent from hapening in the near future', 'OBSERVATION', '', '0000-00-00', 'Open', 'Employee', '', 'Abdurohman Bin Rawinda', 3496, '', ''),
('OC-0004', 'CBM', 'Un Safe Condition', '', '2021-04-21', 'D/S', '00:00:00', 'OF', 'Office', 'SMT', 'SECOND FLOOR - MALE TOILET', 'Toilet broken.. can\\\'t use', 'Repair ASAP', 'OBSERVATION', '', '0000-00-00', 'Open', 'Employee', '', 'Jan Jonswan Hutasoit', 106, '', '20210421_0858492.jpg'),
('OC-0005', 'CBM', 'Suggestion', 'It desk', '2021-04-21', 'D/S', '00:00:00', 'OF', 'Office', '', '', 'The desk condition crowded with cables n other stuffs', 'Please tidy up to make it safe n pretty', 'OBSERVATION', '', '0000-00-00', 'Open', 'Employee', '', 'Jan Jonswan Hutasoit', 106, '', '20210421_091743.jpg'),
('OC-0006', 'CBM', 'Un Safe Condition', '', '2021-04-21', 'D/S', '00:00:00', 'WA', 'Workshop A', 'MS', 'COMPRESSOR AREA', 'Guar of m/c broken..danger occurance', 'Repair asap', 'OBSERVATION', '', '0000-00-00', 'Open', 'Employee', '', 'Jan Jonswan Hutasoit', 106, '', '20210421_145141.jpg'),
('OC-0007', 'CBM', 'Un Safe Condition', 'fence at the back side', '2021-04-22', 'D/S', '00:00:00', 'Y2', 'Yard2', '', '', 'Fence  improper condition', 'replace with ', 'Safety Management By Walking Around(SMBWA)', '', '0000-00-00', 'Open', 'Employee', '', 'Jan Jonswan Hutasoit', 106, '', '20210422_104255.jpg'),
('OC-0008', 'CBM', 'Un Safe Condition', 'along the fence', '2021-04-22', 'D/S', '00:00:00', 'Y2', 'Yard2', '', '', 'grass high and dirty condition', 'cutting the grass, cleaning the area', 'Safety Management By Walking Around(SMBWA)', '', '0000-00-00', 'Open', 'Employee', '', 'Jan Jonswan Hutasoit', 106, '', '20210422_103501.jpg'),
('OC-0009', 'CBM', 'Un Safe Condition', 'elbow storage area', '2021-04-22', 'D/S', '00:00:00', 'Y2', 'Yard2', '', '', 'water trap inside the the elbow', 'Release the water and protect the elbow from rain', 'Safety Management By Walking Around(SMBWA)', '', '0000-00-00', 'Open', 'Employee', '', 'Jan Jonswan Hutasoit', 106, '', '20210422_103725.jpg'),
('OC-0010', 'CBM', 'Suggestion', 'pipe storage CT-667 WOL', '2021-04-22', 'D/S', '00:00:00', 'Y2', 'Yard2', '', '', 'Tape easy broken', 'improve the tape quality', 'Safety Management By Walking Around(SMBWA)', '', '0000-00-00', 'Open', 'Employee', '', 'Jan Jonswan Hutasoit', 106, '', '20210422_103854.jpg'),
('OC-0011', 'CBM', 'Un Safe Condition', 'pipe storage ath the back side', '2021-04-22', 'D/S', '00:00:00', 'Y2', 'Yard2', '', '', 'Inconsistency wedges usage for pipe rolling prevention', 'consistent to put the wedges always', 'Safety Management By Walking Around(SMBWA)', '', '0000-00-00', 'Open', 'Employee', '', 'Jan Jonswan Hutasoit', 106, '', '20210422_104237.jpg'),
('OC-0012', 'CBM', 'Un Safe Condition', 'fence at the back side', '2021-04-22', 'D/S', '00:00:00', 'Y2', 'Yard2', '', '', 'improper fence condition', 'design a new good fence with concrete and spandex base', 'Safety Management By Walking Around(SMBWA)', '', '0000-00-00', 'Open', 'Employee', '', 'Jan Jonswan Hutasoit', 106, '', '20210422_1042551.jpg'),
('OC-0013', 'CBM', 'Un Safe Condition', 'fence at the back side', '2021-04-22', 'D/S', '00:00:00', 'Y2', 'Yard2', '', '', 'improper fence condition', 'Install new fence with concrete and spandex base', 'Safety Management By Walking Around(SMBWA)', '', '0000-00-00', 'Open', 'Employee', '', 'Jan Jonswan Hutasoit', 106, '', '20210422_104257.jpg'),
('OC-0014', 'CBM', 'Un Safe Condition', 'pipe storage', '2021-04-22', 'D/S', '00:00:00', 'Y2', 'Yard2', '', '', 'inconsistency wedges/stopper usage ', 'please consistent tp put the wedges/stopper at each pipe storage', 'Safety Management By Walking Around(SMBWA)', '', '0000-00-00', 'Open', 'Employee', '', 'Jan Jonswan Hutasoit', 106, '', '20210422_103857.jpg');

-- --------------------------------------------------------

--
-- Table structure for table `user`
--

CREATE TABLE `user` (
  `username` varchar(16) NOT NULL,
  `password` varchar(100) NOT NULL,
  `Name` varchar(50) NOT NULL,
  `Email` varchar(50) NOT NULL,
  `CompanyID` varchar(10) NOT NULL,
  `No_Hp` varchar(12) NOT NULL,
  `DeptID` int(10) NOT NULL,
  `level` varchar(15) NOT NULL,
  `id_session` varchar(255) NOT NULL
) ENGINE=InnoDB DEFAULT CHARSET=latin1;

--
-- Dumping data for table `user`
--

INSERT INTO `user` (`username`, `password`, `Name`, `Email`, `CompanyID`, `No_Hp`, `DeptID`, `level`, `id_session`) VALUES
('admin', '0192023a7bbd73250516f069df18b500', 'Moritt Nababan', 'moritt.nababan@cladtek.com', 'CBM', '0', 13, 'admin', '21232f297a57a5a743894a0e4a801fc3-20210210084219'),
('automationhod', 'e122209364fa4591bd1aa89732eca3b7', 'Iswantika Putra', 'iswantika.putra@cladtek.com', 'CBM', '0', 6, 'user', 'fe1f2655b666fcbfe928747c4ab0524d-20210411053127'),
('businesshod', 'c20d1eabf2ed550481e6e0508980f365', 'Reylina Garcia', 'reylina.garcia@cladtek.com', 'CBM', '0', 3, 'user', 'd647115449f0db981be6ce9b1dcefcc6-20210411052430'),
('financehod', 'cf69a16a8f55b8976180eba5e34b71b6', 'Mediana Siagian', 'mediana.siagian@cladtek.com', 'CBM', '0', 12, 'user', '698a9886b29fa4ba7bafe141d17b45fb-20210411053503'),
('hrhod', '21d241bb120ab9bd0133ac1cc3da4f26', 'Iban Salda Safwan', 'iban.safwan@cladtek.com', 'CBM', '0', 11, 'user', '50af04f7625b9330336bbec07d2c2f07-20210411053436'),
('hseadmin', 'baf75bb2f03506484678c95b744733d6', 'Ananda Lona', 'admin.hse@cladtek.com', 'CBM', '0', 9, 'admin', '9e47e70249b73b18348e4de0e93395bf-20210411053707'),
('hsehod', '4190f18afd6281e6c63dcd7977af7bfa', 'Jan Hutasoit', 'jan.hutasoit@cladtek.com', 'CBM', '0', 9, 'admin', '7e4387f0365ea54c54c0775484e8ee52-20210411053335'),
('iteshod', 'e43a79c1b46b9851d867f6ca4f15d48f', 'Fernando Siboro', 'fernando.siboro@cladtek.com', 'CBM', '08117037209', 13, 'user', '51663e5565ca8f9b2f6484ca578f46dc-20210411053532'),
('mthod', '135af29e7d7bb808ab5fdd57218c9fa7', 'Wayne William', 'wayne.williams@cladtek.com', 'CBM', '0', 5, 'user', '29367d973d457e21ce5f2f3527d4db8a-20210411052946'),
('processhod', '66a3ca2189deaa51727181d2ecee4d89', 'Untung Ady Suroso', 'untung.suroso@cladtek.com', 'CBM', '0', 7, 'user', 'de040c97723ad95b0d042cf7f36f35b3-20210422111310'),
('productionhod', 'f1a37096674c048c1a8ef3893fbd98e1', 'Tomoyuki UENO', 'tomoyuki.ueno@cladtek.com', 'CBM', '0', 2, 'user', '8e2d84a1b47768206a425e687316aec7-20210411052352'),
('project2hod', '8108e1bae0a39e3209b39e4b4ece3b69', 'Project Others HOD', 'project2hod@gmail.com', 'CBM', '0', 15, 'user', 'e05a151a57d29e00aed2820cb8a43a85-20210411053739'),
('projecthod', '42a1bb5ac34b6a194fb2caabe4a02eba', 'Project HOD', 'projecthod@gmail.com', 'CBM', '0', 1, 'user', '92290a9f0499cb03c070132b80f65be1-20210411052219'),
('qahod', '305d2ded79298cee38a3065e996cd52f', 'Romaida Hutabarat', 'romaida.hutabarat@cladtek.com', 'CBM', '0', 8, 'user', 'b41e25acb4be501292ba0524fd19fa4f-20210411053157'),
('qchod', 'de446c0af0698792dc708746d052a067', 'Abdurohman Bin Rawinda ', 'abdurohman.rawinda@cladtek.com', 'CBM', '0', 4, 'user', '91f53943e77b274bd4149d8790be520a-20210411052846'),
('scmhod', '776ef753f991fa0cc5e12bc15699bf38', 'Franklin', 'franklin@cladtek.com', 'CBM', '0', 10, 'user', '8650399d5ec407667cb3120c7b455993-20210411053401'),
('technicalhod', 'ce69e785a3f34347156a41c3fa3b243c', 'Stefanno Widy Yunior', 'stefanno.yunior@cladtek.com', 'CBM', '0', 14, 'user', 'b1a0fe755c7ec6c10438dcaed862d88f-20210411053642');

--
-- Indexes for dumped tables
--

--
-- Indexes for table `actionplan`
--
ALTER TABLE `actionplan`
  ADD PRIMARY KEY (`ActionNum`),
  ADD KEY `TN` (`TrackingNum`),
  ADD KEY `CO` (`CompanyID`),
  ADD KEY `US` (`username`);

--
-- Indexes for table `area`
--
ALTER TABLE `area`
  ADD PRIMARY KEY (`AreaID`),
  ADD KEY `COMPA` (`CompanyID`);

--
-- Indexes for table `category`
--
ALTER TABLE `category`
  ADD PRIMARY KEY (`OCCategory`);

--
-- Indexes for table `company`
--
ALTER TABLE `company`
  ADD PRIMARY KEY (`CompanyID`);

--
-- Indexes for table `customer`
--
ALTER TABLE `customer`
  ADD PRIMARY KEY (`ProjectID`),
  ADD KEY `CMP` (`CompanyID`);

--
-- Indexes for table `department`
--
ALTER TABLE `department`
  ADD PRIMARY KEY (`DeptID`);

--
-- Indexes for table `employee`
--
ALTER TABLE `employee`
  ADD PRIMARY KEY (`EmpID`),
  ADD KEY `DP` (`DeptID`),
  ADD KEY `COM` (`CompanyID`);

--
-- Indexes for table `location`
--
ALTER TABLE `location`
  ADD PRIMARY KEY (`LocID`),
  ADD KEY `AREA` (`AreaID`);

--
-- Indexes for table `oc`
--
ALTER TABLE `oc`
  ADD PRIMARY KEY (`TrackingNum`),
  ADD KEY `CT` (`OCCategory`),
  ADD KEY `CM` (`CompanyID`),
  ADD KEY `AR` (`AreaID`);

--
-- Indexes for table `user`
--
ALTER TABLE `user`
  ADD PRIMARY KEY (`username`),
  ADD KEY `COMPANY` (`CompanyID`),
  ADD KEY `DEPT` (`DeptID`);

--
-- AUTO_INCREMENT for dumped tables
--

--
-- AUTO_INCREMENT for table `department`
--
ALTER TABLE `department`
  MODIFY `DeptID` int(10) NOT NULL AUTO_INCREMENT, AUTO_INCREMENT=18;

--
-- Constraints for dumped tables
--

--
-- Constraints for table `actionplan`
--
ALTER TABLE `actionplan`
  ADD CONSTRAINT `CO` FOREIGN KEY (`CompanyID`) REFERENCES `oc` (`CompanyID`) ON DELETE CASCADE ON UPDATE CASCADE,
  ADD CONSTRAINT `TN` FOREIGN KEY (`TrackingNum`) REFERENCES `oc` (`TrackingNum`) ON DELETE CASCADE ON UPDATE CASCADE,
  ADD CONSTRAINT `US` FOREIGN KEY (`username`) REFERENCES `user` (`username`) ON DELETE CASCADE ON UPDATE CASCADE;

--
-- Constraints for table `area`
--
ALTER TABLE `area`
  ADD CONSTRAINT `COMPA` FOREIGN KEY (`CompanyID`) REFERENCES `company` (`CompanyID`) ON DELETE CASCADE ON UPDATE CASCADE;

--
-- Constraints for table `customer`
--
ALTER TABLE `customer`
  ADD CONSTRAINT `CMP` FOREIGN KEY (`CompanyID`) REFERENCES `company` (`CompanyID`) ON DELETE CASCADE ON UPDATE CASCADE;

--
-- Constraints for table `employee`
--
ALTER TABLE `employee`
  ADD CONSTRAINT `COM` FOREIGN KEY (`CompanyID`) REFERENCES `company` (`CompanyID`) ON DELETE CASCADE ON UPDATE CASCADE,
  ADD CONSTRAINT `DP` FOREIGN KEY (`DeptID`) REFERENCES `department` (`DeptID`) ON DELETE CASCADE ON UPDATE CASCADE;

--
-- Constraints for table `location`
--
ALTER TABLE `location`
  ADD CONSTRAINT `AREA` FOREIGN KEY (`AreaID`) REFERENCES `area` (`AreaID`) ON DELETE CASCADE ON UPDATE CASCADE;

--
-- Constraints for table `oc`
--
ALTER TABLE `oc`
  ADD CONSTRAINT `AR` FOREIGN KEY (`AreaID`) REFERENCES `area` (`AreaID`) ON DELETE CASCADE ON UPDATE CASCADE,
  ADD CONSTRAINT `CM` FOREIGN KEY (`CompanyID`) REFERENCES `company` (`CompanyID`) ON DELETE CASCADE ON UPDATE CASCADE,
  ADD CONSTRAINT `CT` FOREIGN KEY (`OCCategory`) REFERENCES `category` (`OCCategory`) ON DELETE CASCADE ON UPDATE CASCADE;

--
-- Constraints for table `user`
--
ALTER TABLE `user`
  ADD CONSTRAINT `COMPANY` FOREIGN KEY (`CompanyID`) REFERENCES `company` (`CompanyID`) ON DELETE CASCADE ON UPDATE CASCADE,
  ADD CONSTRAINT `DEPT` FOREIGN KEY (`DeptID`) REFERENCES `department` (`DeptID`) ON DELETE NO ACTION ON UPDATE NO ACTION;
COMMIT;

/*!40101 SET CHARACTER_SET_CLIENT=@OLD_CHARACTER_SET_CLIENT */;
/*!40101 SET CHARACTER_SET_RESULTS=@OLD_CHARACTER_SET_RESULTS */;
/*!40101 SET COLLATION_CONNECTION=@OLD_COLLATION_CONNECTION */;
